:020000040800F2
:10000000F842002025060008150300081703000821
:10001000230300082F0300083B0300080000000032
:100020000000000000000000000000007D02000849
:100030004703000800000000C10200088F9B000871
:100040003F0600083F0600083F0600084B03000873
:100050003F0600083F060008490300083F06000865
:100060003F0600083F0600083F0600083F0600085C
:100070003F0600083F0600083F0600083F0600084C
:100080003F0600083F0600083F0600083F0600083C
:100090003F0600083F0600083F0600083F0600082C
:1000A0003F0600083F0600083F0600083F0600081C
:1000B0003F0600083F0600083F0600083F0600080C
:1000C0003F0600083F0600083F0600083F060008FC
:1000D0003F0600080D140008D33E00083F06000844
:1000E0003F0600083F0600083F06000800F002F83F
:1000F00000F0B4F80AA090E8000C82448344AAF10E
:100100000107DA4501D100F0A9F8AFF2090EBAE80B
:100110000F0013F0010F18BFFB1A43F0010318473B
:10012000B0E20000D0E200000A444FF0000C10F8EA
:10013000013B13F0070408BF10F8014B1D1108BF65
:1001400010F8015B641E05D010F8016B641E01F805
:10015000016BF9D113F0080F1EBF10F8014BAD1C55
:100160000C1B09D16D1E58BF01F801CBFAD505E073
:1001700014F8016B01F8016B6D1EF9D59142D6D3CD
:10018000704700000023002400250026103A28BFF5
:1001900078C1FBD8520728BF30C148BF0B607047F9
:1001A0006E290AF03383702909F0C98666290DF09B
:1001B000DE8265290DF0DB8267290DF0D882612986
:1001C000AFF3008003681B0A28BF41F08001692952
:1001D00009F03A86642909F03786752909F03486D2
:1001E0006F290AF03086782909F09586E9290AF006
:1001F000CB85E4290AF0C885F5290AF0C585EF29E1
:100200000AF02D86F82909F094860368DB0928BFD7
:1002100041F0800163290AF04C8573290AF0518569
:10022000E3290AF02987F3290AF02E870020704776
:100230001FB59DE803000AF03DFA0AF063FE0400D2
:10024000002000210CF014FC401C60600020002104
:100250000CF024FCE0601FBD10B510BD0BF06CF974
:100260001146FFF7E5FF01F0FBFB0BF08AF903B441
:10027000FFF7F2FF03BC0BF0FBF90000224B1968FB
:100280000868B0E8F00F80F30988BFF36F8F4FF074
:10029000000080F311884EF00D0E70470000000042
:1002A00006480068006880F3088862B661B6BFF34C
:1002B0004F8FBFF36F8F00DF00BF00BF08ED00E07E
:1002C000EFF30980BFF36F8F0F4B1A6820E9F00F2F
:1002D000106008B54FF0500080F31188BFF34F8FC6
:1002E000BFF36F8F07F083FD4FF0000080F311889C
:1002F000BDE8084019680868B0E8F00F80F3098885
:10030000BFF36F8F704700BFD0020020EFF305806E
:100310007047000070470DA11B4801F053F800BF63
:10032000FEE71AA1184801F04DF800BFFEE726A12C
:10033000154801F047F800BFFEE732A1124801F06E
:1003400041F800BFFEE77047704770470D0A2A2A40
:100350002A2A2A2A2A2A2A2A2A2A2A2A2A2A2A2AFD
:100360002A486172644661756C745F48616E646CA2
:1003700065722A2A2A2A2A2A2A2A2A2A2A2A2A2A5A
:100380002A2A2A2A2A0D0A00003801400D0A2A2AA0
:100390002A2A2A2A2A2A2A2A2A2A2A2A2A2A2A2ABD
:1003A0002A4D656D4D616E6167655F48616E646C75
:1003B00065722A2A2A2A2A2A2A2A2A2A2A2A2A2A1A
:1003C0002A2A2A2A2A0D0A000D0A2A2A2A2A2A2A31
:1003D0002A2A2A2A2A2A2A2A2A2A2A2A2A427573D1
:1003E0004661756C745F48616E646C65722A2A2A76
:1003F0002A2A2A2A2A2A2A2A2A2A2A2A2A2A2A2A5D
:100400000D0A00000D0A2A2A2A2A2A2A2A2A2A2A1A
:100410002A2A2A2A2A2A2A2A2A55736167654661C6
:10042000756C745F48616E646C65722A2A2A2A2A88
:100430002A2A2A2A2A2A2A2A2A2A2A2A2A2A0D0A59
:10044000000000000CB50020019000906C4800688E
:1004500040F480306A49086000BF6948006800F4D1
:10046000003000900198401C0190009818B9019844
:10047000B0F5A06FF1D16248006800F4003010B10F
:100480000120009001E0002000900098012843D155
:100490005C48006840F010005A490860084600684F
:1004A00020F0030008600846006840F00200086081
:1004B00053484068524948600846406848600846CA
:1004C000406840F4806048600846406820F47C1032
:1004D00048600846406840F4E810486008460068F4
:1004E00040F08070086000BF4548006800F0007070
:1004F0000028F9D04248406820F003004049486095
:100500000846406840F00200486000BF3C48406830
:1005100000F00C000828F9D10CBD10B5FFF792FFD0
:1005200010BD10B53648006840F00100344908603D
:100530000846406834490840314948600846006828
:10054000324908402E4908600846006820F480209F
:1005500008600846406820F4FE0048604FF41F0021
:100560008860FFF7DAFF4FF000602949086010BD8E
:1005700010B5002100200022214B5B6803F00C0124
:1005800021B1042906D0082928D107E0214B224CAB
:10059000236027E01F4B204C236023E0184B5B684F
:1005A00003F47010164B5B6803F48032022303EBF4
:1005B000904022B9194B4343174C23600DE0104B78
:1005C0005B6803F4003323B1144B4343124C2360A4
:1005D00003E0104B4343104C236003E00D4B0E4CE3
:1005E000236000BF00BF064B5B68C3F303130C4CD2
:1005F000E15C094B1B68CB40074C236010BD000039
:1006000000100240002002400000FFF8FFFFF6FE4D
:1006100008ED00E000127A000000002000093D0013
:10062000040000200948804709480047FEE7FEE72C
:10063000FEE7FEE7FEE7FEE7FEE7FEE7FEE7FEE792
:1006400004480549054A064B704700002305000889
:10065000ED000008F8380020F8420020F83A0020A9
:10066000F83A002031490143314A1160704770B5B2
:10067000002100230F22C47804B32D4C246804F415
:10068000E064C4F5E064210AC1F10403CA4044787F
:1006900004FA03F18478144021430901254C0678BB
:1006A000A155047804F01F050124AC4005786D11B4
:1006B000AD0005F1E025C5F8004109E0047804F03B
:1006C0001F050124AC401C4D0678761145F82640E4
:1006D00070BD1A4A0A400243154B1B1F1A6070472F
:1006E00039B1134A121D12680243114B1B1D1A60C7
:1006F00006E00F4A121D126882430D4B1B1D1A6043
:100700007047042808D14FF0E021096941F0040145
:100710004FF0E022116107E04FF0E021096921F07C
:1007200004014FF0E0221161704700000000FA055B
:100730000CED00E000E400E080E100E080FFFF1F3E
:1007400010B50446CC48844208D10121042000F0B1
:100750002DFB0021042000F029FB46E0C74884421D
:1007600008D10121082000F021FB0021082000F021
:100770001DFB3AE0C248844208D10121102000F05C
:1007800015FB0021102000F011FB2EE0BD48844233
:1007900008D10121202000F009FB0021202000F0D9
:1007A00005FB22E0B848844208D10121402000F036
:1007B000FDFA0021402000F0F9FA16E0B348844227
:1007C00008D10121802000F0F1FA0021802000F002
:1007D000EDFA0AE0AE48844207D10121801500F00D
:1007E000E5FA0021A01500F0E1FA10BD10B50121D5
:1007F000084600F0DBFA0021012000F0D7FA10BD16
:100800002DE9F041024600250026002000230024A7
:10081000002791F803C00CF00F0591F803C00CF00D
:10082000100CBCF1000F03D091F802C04CEA050592
:1008300091F800C0BCF1000F31D0146800202BE00B
:100840004FF0010C0CFA00F3B1F800C00CEA0306FB
:100850009E4220D183004FF00F0C0CFA03F7BC43EB
:1008600005FA03FC4CEA040491F803C0BCF1280F1C
:1008700006D14FF0010C0CFA00FCC2F814C00AE0DB
:1008800091F803C0BCF1480F05D14FF0010C0CFAF0
:1008900000FCC2F810C0401C0828D1D31460B1F885
:1008A00000C0BCF1FF0F34DD546800202EE000F1E1
:1008B000080C4FF0010808FA0CF3B1F800C00CEA7C
:1008C00003069E4221D183004FF00F0C0CFA03F770
:1008D000BC4305FA03FC4CEA040491F803C0BCF1E4
:1008E000280F05D100F1080C08FA0CF8C2F81480A2
:1008F00091F803C0BCF1480F07D100F1080C4FF08C
:10090000010808FA0CF8C2F81080401C0828CED361
:100910005460BDE8F0814FF6FF71018002218170C3
:100920000421C17070470246002093680B400BB150
:10093000012000E0002070470146886880B27047BF
:1009400002460020D3680B400BB1012000E00020DC
:1009500070470146C86880B27047016170474161C5
:1009600070470AB1016100E041617047C1607047A2
:100970004FF480320A4382618161826182698269B7
:10098000704702460020434B18684FF680731840AA
:1009900040EA021008433F4B186070473E49C86167
:1009A0007047F0B50A46002300240021002500F01E
:1009B0000046B6F1004F02D1364EF16901E0354EE6
:1009C0007168C0F3034583B200F44016B6F5401FCA
:1009D00008D121F070612F4E766826F070662D4F99
:1009E0007E6012E000F48016B6F5801F06D1032663
:1009F00006FA05F4A14341F0706106E0460D3601A8
:100A000003FA06F6B14341F0706122B1460D36019A
:100A100003FA06F6314300F00046B6F1004F02D16A
:100A20001C4EF16101E01B4E7160F0BD30B500223B
:100A30008B071C0F0F2303FA04F2164B08338C109C
:100A400053F824309343134C08348D1044F8253068
:100A500023468C1053F824308C07240F00FA04F43A
:100A600023430C4C08348D1044F8253030BD0A491E
:100A7000DC3108607047000000080140000C0140B4
:100A8000001001400014014000180140001C01400A
:100A9000002001400000014000002042DF480068C3
:100AA00040F00100DD49086008464068DC49084024
:100AB000DA49486008460068DA490840D7490860C2
:100AC0000846006820F4802008600846406820F44A
:100AD000FE0048604FF41F0088607047CF490968E6
:100AE00021F48031CD4A11601146096821F480213A
:100AF0001160B0F5803F03D0B0F5802F0ED106E035
:100B0000C649096841F48031C44A116007E0C3490D
:100B1000096841F4A021C14A116000E000BF00BF94
:100B2000704710B501460022002300204A11012A17
:100B300002D1BA4C236806E0022A02D1B74C236ADC
:100B400001E0B64C636A01F01F02012494401C408E
:100B50000CB1012000E0002010BD38B5002000904D
:100B60000024002500BF3120FFF7DBFF0546009879
:100B7000401C00900098B0F5A06F01D0002DF2D07D
:100B80003120FFF7CEFF08B1012400E00024204609
:100B900038BD01460020A14A106820F0F80040EA64
:100BA000C10010607047A0490860704702460020ED
:100BB0009A4B586820F47C1042EA01031843974B83
:100BC0005860704798490866704701460020934A6C
:100BD000506820F003000843506070478F48406819
:100BE00000F00C007047014600208C4A506820F04D
:100BF000F00008435060704701460020874A506863
:100C000020F4E06008435060704701460020834AAA
:100C1000506820F4605040EAC1005060704729B12C
:100C20007E4A527A02437D4B5A7204E07B4A527AE2
:100C300082437A4B5A7270477B49D83108607047BB
:100C400001460020754A506820F440400843506037
:100C500070470021714A20321170704A82F82010CA
:100C6000012802D004280AD104E001216B4A203275
:100C7000117005E00521694A2032117000E000BFC3
:100C800000BF70476949086070476449096A0143B9
:100C9000624A11627047654944390860704730B54F
:100CA00000210022002400235C4D6D6805F00C013A
:100CB00021B1042905D0082923D105E05C4D056048
:100CC00022E05B4D05601FE0544D6D6805F4701225
:100CD000524D6D6805F48034022505EB92421CB933
:100CE000544D554305600BE04C4D6D6805F40035DF
:100CF0001DB1504D5543056002E04D4D5543056013
:100D000002E04B4D056000BF00BF444D6D6805F02B
:100D1000F0010909484D6B5C0568DD4045603F4DB9
:100D20006D6805F4E061090A434D6B5C4568DD4080
:100D300085603A4D6D6805F46051C90A3E4D6B5CA3
:100D40004568DD40C560354D6D6805F44041890B4F
:100D50003A4D6B5CC568B5FBF3F5056130BD29B153
:100D60002E4A526902432D4B5A6104E02B4A5269C4
:100D700082432A4B5A61704729B1284A926902433B
:100D8000264B9A6104E0254A92698243234B9A617B
:100D9000704729B1214AD2690243204BDA6104E04D
:100DA0001E4AD26982431D4BDA61704729B11B4A42
:100DB000D2680243194BDA6004E0184AD2688243D1
:100DC000164BDA60704729B1144A12690243134B7B
:100DD0001A6104E0114A12698243104B1A6170478C
:100DE00012494039086070470F49C86470470B4981
:100DF000C87170470948406A40F0807007494862EE
:100E0000704701460020054A92680A400AB1012055
:100E100000E00020704701498872704700100240CE
:100E20000000FFF8FFFFF6FE00004242800442424D
:100E300000127A0000093D00140000202400002068
:100E400010B50446FB48844209D101218803FFF70D
:100E5000ADFF00214FF48040FFF7A8FF32E0F648D5
:100E6000844209D101214804FFF7ADFF00214FF46E
:100E70000030FFF7A8FF25E0F048844209D10121A6
:100E80008804FFF7A0FF00214FF48020FFF79BFFAD
:100E900018E0EB48844209D10121C804FFF793FF11
:100EA00000214FF40020FFF78EFF0BE0E54884425D
:100EB00008D101210805FFF786FF00214FF48010BB
:100EC000FFF781FF10BD2DE9F04786B005460E46BD
:100ED0000024A24600BFA1460027B08900B100BF90
:100EE0002F462C8A4CF6FF700440F08804432C8275
:100EF000AC894EF6F3100440B088318908437189FB
:100F000008430443AC81AC8A4FF6FF400440B089EB
:100F10000443AC8201A8FFF7C2FEC648874202D153
:100F2000DDF810A001E0DDF80CA0A88900F4004075
:100F300040B10AEBCA0000EB0A1031684900B0FB6F
:100F4000F1F807E00AEBCA0000EB0A1031688900EB
:100F5000B0FBF1F86420B8FBF0F004012009642133
:100F600001FB1089A88900F4004040B1322000EB59
:100F7000C900B0FBF1F000F00700044308E03220A4
:100F800000EB09106421B0FBF1F000F00F00044306
:100F90002C8106B0BDE8F0874FF4165101600021A6
:100FA0008180C18001810C214181002181817047B4
:100FB00010B502460020108A4FF2FF0318400B883C
:100FC0004C8823438C882343CC88234318431082C6
:100FD00010BD0021018041808180C180704721B116
:100FE000828942F40052828104E082894DF6FF73C7
:100FF0001A4082817047F0B5034600240026002580
:10100000002040F66A17B94200D100BF1846C1F36C
:10101000421401F01F06012707FA06F5012C01D141
:101020000C3004E0022C01D1103000E014301AB171
:1010300007682F43076002E00768AF430760F0BD11
:101040001AB1838A0B43838202E0838A8B438382B3
:101050007047028A4FF6F0731A400282028A0A43EE
:101060000282704782894FF2FF731A40828182891F
:101070000A438281704721B1828942F00202828153
:1010800004E082894FF6FD731A4082817047028A1C
:101090004FF6DF731A400282028A0A4302827047C7
:1010A00021B1028A42F48042028204E0028A4BF6B5
:1010B000FF731A4002827047C1F3080282807047B2
:1010C00001468888C0F308007047818941F001011A
:1010D00081817047028BD2B20283028B42EA0122E5
:1010E00002837047028B02F47F420283028B0A4321
:1010F0000283704721B1828A42F02002828204E09A
:10110000828A4FF6DF731A408282704721B1828A49
:1011100042F01002828204E0828A4FF6EF731A4096
:101120008282704721B1828A42F00802828204E002
:10113000828A4FF6F7731A408282704721B1828902
:1011400042F40042828103E08289C2F30E0282816E
:10115000704721B1828A42F40062828204E0828A6E
:101160004FF2FF731A4082827047828A4FF6FB73F8
:101170001A408282828A0A438282704721B1828A1F
:1011800042F00202828204E0828A4FF6FD731A4026
:101190008282704702460020B1F5007F00D100BF77
:1011A00013880B400BB1012000E00020704701F4D0
:1011B0000072B2F5007F00D100BFCA4302807047C1
:1011C00070B50246002400230025002040F66A1670
:1011D000B14200D100BFC1F3421501F01F03012647
:1011E00006FA03F3012D02D19689334006E0022D61
:1011F00002D1168A334001E0968A33400C12012650
:1012000006FA04F41688344013B10CB1012000E052
:10121000002070BD10B50022002340F66A14A142E0
:1012200000D100BF0A1201249440A3B2DC43048021
:1012300010BD00000038014000440040004800405C
:10124000004C00400050004010B586B0044601211B
:101250000420FFF791FD01218803FFF78DFD182081
:101260008DF817004FF40070ADF8140003208DF8CE
:10127000160005A96B48FFF7C3FA04208DF8170084
:101280000002ADF8140003208DF8160005A965488A
:10129000FFF7B6FA01940020ADF810000C20ADF86D
:1012A0000E000020ADF80C00ADF80A00ADF8080003
:1012B00001A95D48FFF707FE01215B48FFF78FFE9C
:1012C000012240F225515848FFF795FE25208DF860
:1012D000000001208DF8030006208DF80100002099
:1012E0008DF802006846FFF7C2F906B010BD10B5D0
:1012F00086B0044601210420FFF73EFD0121480489
:10130000FFF747FD18208DF817000420ADF81400F2
:1013100003208DF8160005A94248FFF771FA042052
:101320008DF817000820ADF8140003208DF8160082
:1013300005A93C48FFF764FA01940020ADF81000BD
:101340000C20ADF80E000020ADF80C00ADF80A003E
:10135000ADF8080001A93548FFF7B5FD0121334874
:10136000FFF73DFE012240F225513048FFF743FED2
:1013700026208DF8000001208DF8030006208DF84E
:10138000010000208DF802006846FFF770F906B0F2
:1013900010BD2DE9F04107460C46154600260DE02C
:1013A00014F8011B3846FFF787FE00BF402138467E
:1013B000FFF7F0FE0028F9D0701C86B2AE42EFDBDA
:1013C000BDE8F0810FB430B5CBB0054601AC50A8F4
:1013D00000904FF4947101A8009B4F9A08F098FC7C
:1013E000002000900BE014F8011B2846FFF764FE74
:1013F00000BF40212846FFF7CDFE0028F9D0207815
:101400000028F0D14BB030BC5DF814FB10B540F2B1
:1014100025510548FFF7D4FE18B120210248FFF7F7
:10142000C6FE10BD000801400038014000440040E5
:1014300010B5044684F001024FF400510D48FFF747
:1014400090FA0D48047010BD08B501211020FFF777
:1014500093FC10208DF803004002ADF8000003203B
:101460008DF8020069460348FFF7CAF90020FFF72C
:10147000DFFF08BD001001402800002008B5012151
:101480000420FFF779FC01210846FFF775FC48208E
:101490008DF803000220ADF8000003208DF8020053
:1014A00069462648FFF7ACF908BD02212348FFF73B
:1014B0003AFA054600BF22480068401C20490860EF
:1014C0006421B0FBF1F201FB120018B91DA1224802
:1014D000FFF778FF02211948FFF725FA0446022199
:1014E0001648FFF720FA044614BB012D20D1142022
:1014F00006F0ECFA02211148FFF715FAC0B917A15E
:101500001548FFF75FFF1B480078012803D1002032
:10151000FFF78EFF02E00120FFF78AFF02E00A20BA
:1015200006F0D4FA02210548FFF7FDF90028F6D0AD
:1015300025460A2006F0CAFABDE70000000801406F
:101540002C0000204B6579205461736B20416C693D
:1015500076650D0A00000000003801403E3E3E2046
:101560004B45592050524553534544203C3C3C0D7B
:101570000A0000002800002008B500EB40018900A7
:10158000009100BF00994A1E00920029FAD108BDBF
:1015900010B56748006820F00F00654908600846EC
:1015A000006840F003000860002201216048FFF756
:1015B000D8F944F62060FFF7DFFF012211465C48AE
:1015C000FFF7CFF91E20FFF7D7FF10BD10B500249D
:1015D0005748006820F00F00554908600846006829
:1015E00040F00800086004E0601CC4B20120FFF76E
:1015F000C3FF01214E48FFF796F908B1642CF3DBD5
:10160000642C01DB012010BD002404E0601CC4B286
:101610000120FFF7B1FF01214548FFF784F908B920
:10162000642CF3DB642C01DB0120ECE70020EAE70B
:1016300010B5002404E0601CC4B20120FFF79CFF39
:1016400001213B48FFF76FF908B1642CF3DB00245C
:1016500004E0601CC4B20120FFF78EFF0121344872
:10166000FFF761F908B9642CF3DB2820FFF784FF4A
:1016700001212F48FFF757F908B1012010BD0020C4
:10168000FCE770B50024002506E06006040EFFF7B5
:10169000CFFF0443681CC5B2082DF6DB204670BDA1
:1016A0007CB505460E46FFF773FFFFF78FFFF8B9CD
:1016B000002405E0FFF7E5FF0DF80400601CC4B24C
:1016C000052CF7DB9DF800009DF8011008449DF8FB
:1016D000021008449DF8031008449DF80410884245
:1016E00008D19DF8000030709DF80200287001E0DC
:1016F00001207CBD0020FCE708B501210420FFF794
:101700003BFB0120ADF8000010208DF80300032002
:101710008DF8020069460648FFF772F80121044877
:10172000FFF71BF9FFF734FFFFF750FF08BD00007C
:101730000008014008B542F6E0614143009100BF56
:1017400000994A1E00920029FAD108BD00BE00BFD0
:10175000FEE710B54FF4E130FFF776FD4FF4E130CE
:10176000FFF7C5FDFFF78AFEFFF76EFE04F0DEFB14
:1017700009E01023FBA20021084604F047FB4FF4C8
:101780007A70FFF7D7FFFFF7B7FF0028F1D104F019
:1017900063FA1023F6A20021084604F037FB4FF449
:1017A0007A70FFF7C7FF10BD10B54FF0FF31F54855
:1017B000006804F094FF012840D104F04DFA0122A2
:1017C0000021084604F03FFB02220021122004F011
:1017D0003AFB00221146242004F035FB03220021AD
:1017E000482004F030FB04220321002004F02BFBEE
:1017F00005220321122004F026FB002203212420CD
:1018000004F021FB1023E0A20321482004F0FEFA9B
:1018100006221146002004F016FB072206211220A2
:1018200004F011FB00220621242004F00CFB00230D
:101830001A461946D348006804F00CFE10BD1CB5CA
:1018400006F091FD009000BF06F0D5F80DF10501FE
:1018500001A8FFF725FF05F0C6FF0023642201A9B8
:10186000CA48006804F0F6FD00BF4FF4FA6168460C
:1018700006F0C7F8E8E708B500250024611EC14856
:10188000006804F02CFF01280ED104F0E5F91023C4
:10189000BFA20021084604F0B9FA00231A461946EF
:1018A000B848006804F0D6FD00240CE04FF4FA704C
:1018B00006F00CF9601CC4B2142C04DDB8A1BE48BB
:1018C000FFF780FD05E0BDA1BEA002F04CFA0028A4
:1018D000ECD100BF142C47DC6421AA48006804F056
:1018E000FEFE01280CD11023C2A20421002004F026
:1018F0008DFA00231A461946A248006804F0AAFD92
:101900004FF4FA7006F0E2F864219E48006804F093
:10191000E6FE01280ED104F09FF91023B9A20021A0
:10192000084604F073FA00231A46194695480068E1
:1019300004F090FD002410E0A0A1A2A002F013FA90
:101940004FF4FA7006F0C2F8601CC4B2142C04DD27
:10195000B0A19948FFF736FD03E000F056FB0028E0
:10196000EAD100BF00F005FEFFF71EFF00BF6422B2
:1019700069468648006805F01CF9012816D14FF425
:101980007A71A948006804F0AAFE01280ED19DF8DA
:1019900001109DF8000000F083FD02F0C5F900235E
:1019A0001A461946A048006804F054FD0A219E48D2
:1019B000006804F094FE01280ED1002002F010FA15
:1019C000054615B1284600F0FFFD00231A461946CA
:1019D0009548006804F03EFD0A2006F077F8C6E757
:1019E0001CB500BF4FF0FF3201A96848006805F040
:1019F000E0F80128F6D164216248006804F06FFE27
:101A00000128EFD19DF8042088A1684608F09AF9D2
:101A100010236A460021362004F0F8F99DF80520CD
:101A200082A1684608F08EF910236A460321362009
:101A300004F0ECF97E48007828B10822062136200F
:101A400004F001FA04E009220621362004F0FBF933
:101A500000231A4619464B48006804F0FBFCC1E716
:101A60001CB5FFF776FE73A15348FFF7ABFC0022CD
:101A70000221052004F02BFC44490860012004F0F9
:101A8000CDFD40490860012004F0C8FD66490860AA
:101A90003E48006850B900BF502080F31188BFF362
:101AA0004F8FBFF36F8F00BF00BFFEE73548006860
:101AB00050B900BF502080F31188BFF34F8FBFF3A0
:101AC0006F8F00BF00BFFEE75748006850B900BFE6
:101AD000502080F31188BFF34F8FBFF36F8F00BF8B
:101AE00000BFFEE759A13448FFF76CFC002001213C
:101AF00003460A02CDE9001059A15B4805F0BEFC7F
:101B00000020022103464FF4C062CDE9001057A126
:101B1000584805F0B3FC0020022103460A02CDE933
:101B2000001055A1564805F0A9FC002001210346EC
:101B30008022CDE9001053A1544805F09FFC0128F4
:101B400004D053A11C48FFF73DFC03E059A11A48FB
:101B5000FFF738FC60A11848FFF734FC06F0B7FB2C
:101B6000C6E000004448543131204572726F720063
:101B7000486172647761726520696E6974204F4BA9
:101B8000000000003400002025000000300000208C
:101B9000436F6E6E656374204D5154542E2E2E008B
:101BA0004D51545420636F6E6E6563742074696D7B
:101BB000656F7574210D0A0000380140434F4E4E89
:101BC0004543540041542B43495053544152543DD2
:101BD00022544350222C226D717474732E686563F5
:101BE0006C6F7564732E636F6D222C313838330D32
:101BF0000A0000004D51545420436F6E6E656374AB
:101C000065640000446576696365206C6F67696E82
:101C10002E2E2E004465764C696E6B2074696D65BE
:101C20006F7574210D0A0000380000202532640011
:101C3000280000204372656174696E67206F626AD4
:101C4000656374732E2E2E0D0A00000043726561C9
:101C500074696E67207461736B732E2E2E0D0A00EB
:101C600044485431310000003F18000845535038B3
:101C700032363600771800084F4C4544000000000B
:101C8000E11900084B65795363616E00AB140008DD
:101C90003E3E3E204B6579205461736B2043726554
:101CA000617465204641494C454421203C3C3C0D33
:101CB0000A0000003E3E3E204B6579205461736B64
:101CC0002043726561746520535543434553532047
:101CD0003C3C3C0D0A0000005374617274696E67ED
:101CE000207363686564756C65722E2E2E0D0A0074
:101CF00002A10A48FFF766FB00BFFEE74552524FBC
:101D0000523A205363686564756C6572207265741D
:101D100075726E6564210D0A0000000000380140F4
:101D2000F0B58BB0054600260024284608F05CFB81
:101D3000C7B20DB11C2F02DA01200BB0F0BD06E0D6
:101D4000A85D01A988550020A855701CC6B2BE42E6
:101D5000F6DB002001A988550026002455E001A8E3
:101D6000805D2B2810D008DC202814D023282ED00A
:101D7000252825D026283FD130E02F2812D03D2815
:101D800033D03F2838D114E02819FEA108F096FB83
:101D9000E01CC4B236E02819FBA108F08FFBE01C60
:101DA000C4B22FE02819F9A108F088FBE01CC4B2E6
:101DB00028E02819F6A108F081FBE01CC4B221E05C
:101DC0002819F4A108F07AFBE01CC4B21AE0281923
:101DD000F1A108F073FBE01CC4B213E02819EFA1D5
:101DE00008F06CFBE01CC4B20CE02819ECA108F070
:101DF00065FBE01CC4B205E001A8805D2855601CAD
:101E0000C4B200BF00BF701CC6B2BE42A7DB002038
:101E1000285500BF91E72DE9F04FC9B005460C46A3
:101E200016461F460DF5A47898E8000F002048904C
:101E300055B14CB1DB48864206D32FB1B9F1000F42
:101E400002D0BAF1780F03DA012049B0BDE8F08F73
:101E5000402118A808F0DFFB384608F0C5FA0590C5
:101E60003B4648AA4021009018A800F0A1FF482155
:101E700006A808F0D0FBBBF1000F09D0CAA033467A
:101E8000CBA248218DE8310006A807F071FF09E0D8
:101E9000C5A03346CCA248218DE81101039506A8C0
:101EA00007F066FF402128A808F0B5FB06A808F057
:101EB0009BFA059018A808F097FA049028A80090BB
:101EC00006AA18A8DDE9041300F02CFE00204890B3
:101ED000402138A808F09FFB28A808F085FA059053
:101EE00028AB48AA4021009038A800F0C1FE38A8CD
:101EF000FFF716FFBBF1000F0CD038A8AAA12B46A4
:101F0000B9A2CDE90046CDE902105146484607F096
:101F10002FFF0CE038A8A4A12B46C14ACDE90186C9
:101F20000094CDE903105146484607F021FF0020F8
:101F30008BE72DE9F041ACB001270D2500260024E8
:101F400005F1F00007F080FE06461EB938462CB0B9
:101F5000BDE8F08103E04FF4FA7005F0B7FDB1A1E0
:101F6000B2A001F000FF0028F5D10120902108AABD
:101F70000023CDE90032CDE90210B6A3C14AC2A1C7
:101F8000C4A0FFF748FFC6A10D20CDE9000105F16F
:101F9000F00108ABC34A304607F0EAFE304608F0CD
:101FA00023FA1FFA80F84146304601F002FFFA207A
:101FB00001F016FF044624B1BBA1204608F0DEF96B
:101FC0000446CCB100200390BA4803A904ABBA4A36
:101FD000CDE90010B949204608F080F804280AD15C
:101FE000B448039904ABB44ACDE90010B4A1BC488D
:101FF000FFF7E8F9002700BF304607F054FEB9A10B
:10200000B9A001F0B0FE3846A1E730B5B3B000206A
:102010002F903090319032900125A02107AAA0A3E3
:10202000CDE90032CDE902108AA3964A96A199A083
:10203000FFF7F1FE07A894A399A2AFA10090A848CA
:10204000FFF7C0F92FA8002102910391CDE90410F8
:10205000084601210B0292A2CDE9001007A98AA02F
:1020600001F007F8002842D1309A91B22F9801F080
:10207000A0FEFA2001F0B4FE0446002C33D0204626
:1020800000F0C2FF02282ED1204601F057F90628A1
:1020900023D2DFE800F003090E13181DA2A1904817
:1020A000FFF790F900251DE0A4A18D48FFF78AF9FC
:1020B00018E0A9A18A48FFF785F913E0AFA1884885
:1020C000FFF780F90EE0B5A18548FFF77BF909E03D
:1020D000BBA18348FFF776F904E0C4A18048FFF76D
:1020E00071F900BF00BF2FA800F046FF03E0C6A1B2
:1020F0007B48FFF767F9284633B030BD70B58CB028
:1021000005460C4616463021684608F084FAC7A1F9
:10211000284608F045F93021684608F07CFA224646
:10212000C8A1684607F00EFE6946284608F0C6F9C1
:102130003021684608F06FFA3246C8A1684607F0B9
:1021400001FE6946284608F0B9F93021684608F0D2
:1021500062FAC848007808B1C7A000E0C8A00246EB
:10216000C9A1684607F0EEFD6946284608F0A6F9C1
:10217000CAA1284608F0A2F9284608F035F9C0B2ED
:102180000CB070BD253242002532300025324600A9
:1021900025334600253235002532330025323600FE
:1021A000253344009554415D73686131000000009F
:1021B00025640A25730A70726F64756374732F2522
:1021C000730A25730000000025640A25730A7072E3
:1021D0006F64756374732F25732F64657669636507
:1021E000732F25730A25730076657273696F6E3DD0
:1021F0002573267265733D70726F64756374732501
:1022000025324625732665743D2564266D65746800
:102210006F643D2573267369676E3D25730000006A
:10222000F8E20008434F4E4E4543540041542B43BF
:10223000495053544152543D22544350222C223190
:1022400038332E3233302E34302E3333222C383084
:102250000D0A00004F47684F61315244556D394EA9
:102260005630527753337078615770775A326457CB
:1022700059565A314D6B4672635730304D56593D61
:102280000000000000CF9D746231617463386837CC
:102290004F430000323031382D31302D33310000C2
:1022A0006431000040E300086465766963655F6936
:1022B000640000004803002038030020ACE200085E
:1022C000637265617465206465766963653A20258B
:1022D000732C2025732C2025642C2025730D0A00D7
:1022E000003801404F4B000041542B434950434CB0
:1022F0004F53450D0A0000004F6E654E45545F4434
:1023000065764C696E6B0D0A4E414D453A2025733A
:102310002C0950524F49443A2025732C094B4559FA
:102320003A25730D0A000000546970733A09C1AC74
:10233000BDD3B3C9B9A60D0A000000005741524EE3
:102340003A09C1ACBDD3CAA7B0DCA3BAD0ADD2E9BB
:10235000B4EDCEF30D0A00005741524E3A09C1AC1C
:10236000BDD3CAA7B0DCA3BAB7C7B7A8B5C4636C5E
:1023700069656E7469640D0A000000005741524E91
:102380003A09C1ACBDD3CAA7B0DCA3BAB7FECEF13F
:10239000C6F7CAA7B0DC0D0A000000005741524E34
:1023A0003A09C1ACBDD3CAA7B0DCA3BAD3C3BBA79B
:1023B000C3FBBBF2C3DCC2EBB4EDCEF30D0A0000ED
:1023C0005741524E3A09C1ACBDD3CAA7B0DCA3BA3B
:1023D000B7C7B7A8C1B4BDD328B1C8C8E7746F6B7D
:1023E000656EB7C7B7A8290D0A0000004552523ADA
:1023F00009C1ACBDD3CAA7B0DCA3BACEB4D6AAB4C7
:10240000EDCEF30D0A0000005741524E3A094D51EE
:1024100054545F5061636B6574436F6E6E65637493
:10242000204661696C65640D0A0000007B226964C6
:10243000223A22313233222C22706172616D732272
:102440003A7B00002274656D70223A7B2276616CC3
:102450007565223A25647D2C000000002268756DA8
:1024600069223A7B2276616C7565223A25647D2C5F
:102470000000000028000020747275650000000054
:1024800066616C7365000000226C6564223A7B22F1
:1024900076616C7565223A25737D00007D7D0000B4
:1024A000F0B5C5B006460F460020419042904390DB
:1024B0004490002400254FF4807101A808F0ABF887
:1024C0003A46314601A8FFF719FE0446002C23D0F6
:1024D00041A800232246AFF238210090AFF25820E5
:1024E00001F01DF8A0B908E001A8415D429A501C16
:1024F000429041988154681C05B2A542F4DB429A8F
:1025000091B2419801F055FC41A800F035FD03E07F
:102510006DA17548FEF756FF45B0F0BD70B588B0A7
:1025200005460C460020049005900690079023462F
:102530002A466EA16C48FEF745FF204607F054FF7F
:10254000064604A80121002200923346CDE901216C
:102550000390224629460A2000F0FFFE38B9059A6A
:1025600091B2049801F025FC04A800F005FD08B024
:1025700070BD00B595B0002011901290139014908A
:1025800003A80290AFF2E820AFF204335FA2382133
:10259000009003A807F0ECFB03AA64A15248FEF7E1
:1025A00011FF11A8012302AA00210090142001F0BC
:1025B000C0F838B9129A91B2119801F0FAFB11A83B
:1025C00000F0DAFC15B000BD2DE9F04F89B00746E8
:1025D00000200890079006900590049000250026A2
:1025E00080468146384600F00FFD0546032D04D095
:1025F000042D3BD0092D50D141E0524804A905AA31
:1026000008ABCDE90021029006AA07A9384601F0DF
:10261000C8F90646002E28D18246BDF81400089954
:10262000CDE90010BDF8183047A12F48079AFEF7F2
:10263000C9FE089802F042FB834652A1584602F0B8
:1026400043FF039051A1039802F03EFF044644B1BA
:10265000E068012802D1FEF7EBFE02E00020FEF761
:10266000E7FE584601F028FD00BF19E0384601F0AA
:1026700098FA18B946A11C48FEF7A4FE10E03846A7
:1026800001F0D6F820B94AA11748FEF79BFE03E0F7
:102690004EA11548FEF796FE02E04FF0FF3600BF50
:1026A00000BF01F041FB701C10B909B0BDE8F08F0C
:1026B0000F2D01D0032D05D1079807F0F4FA0898E3
:1026C00007F0F1FA00BFF0E75741524E3A20454477
:1026D000505F4E6577427566666572204661696C2B
:1026E00065640D0A00000000003801405075626CFE
:1026F00069736820546F7069633A2025732C204DEC
:1027000073673A2025730D0A000000002473797363
:102710002F25732F25732F7468696E672F70726F62
:1027200070657274792F736574000000537562735D
:10273000637269626520546F7069633A2025730D76
:102740000A0000003C000020746F7069633A202585
:10275000732C20746F7069635F6C656E3A2025641A
:102760002C207061796C6F61643A2025732C207085
:1027700061796C6F61645F6C656E3A2025640D0A47
:1027800000000000706172616D7300006C65640090
:10279000546970733A094D515454205075626C69F4
:1027A00073682053656E64204F4B0D0A00000000D3
:1027B000546970733A094D515454205375627363D0
:1027C00072696265204F4B0D0A00000054697073F6
:1027D0003A094D51545420537562736372696265AE
:1027E000204572720D0A0000F0B50446142C06DA7A
:1027F00001EA020523EA010685EA060019E0282C11
:1028000004DA81EA020787EA030012E03C2C0ADAC4
:1028100001EA020501EA030787EA050602EA03075F
:1028200087EA060005E0502C03DA81EA020787EA0E
:102830000300F0BD0146142901DAF7480AE028290F
:1028400001DAF64806E03C2901DAF54802E05029B1
:1028500000DAF4487047F0B5024601209040441E6B
:10286000E54301EA050020FA02F601EA0400C2F19C
:10287000200C00FA0CF746EA07031846F0BDF0B545
:102880000246C2F1200C012000FA0CF0441EE54380
:1028900001EA040000FA02F601EA0500C2F1200C88
:1028A00020FA0CF746EA07031846F0BD2DE9F04F71
:1028B000DDB007468A4615460AF1080909F1010903
:1028C0004FEACA005B9048464FEAE97109EB916113
:1028D0008E1148464FEAE97109EB91618911A9EB24
:1028E00081115C915C98002800DD761C5C98C0F139
:1028F00040008144D04604E0002007F8080008F1B9
:102900000108B8EB861FF7DB802007F80A000121D9
:10291000C1EB86115B9878545B98C0F307200221C5
:10292000C1EB861178545B98C0F307400321C1EBDB
:10293000861178545B98000E0421C1EB86117854FF
:10294000B9485690B9485790B748C0435890B748CF
:10295000C0435990B6485A904FF00008A5E00024B3
:1029600052E0102C32D24FEA881000EB8400385C21
:10297000000601A941F824004FEA881000EB84000A
:10298000401C385C51F824104FF4803202FB0010D8
:1029900001A941F824004FEA881000EB8400801C54
:1029A000385C51F82410121202FB001001A941F802
:1029B00024004FEA881000EB8400C01C385C51F8FA
:1029C0002410084401A941F824001CE0502C1AD21C
:1029D000E01E01AA52F82000A4F1080201AB53F84E
:1029E00022205040A4F10E0253F822205040A4F1BE
:1029F000100253F8222080EA02010120FFF73FFF76
:102A000001A941F82400641C502CAAD35698559073
:102A10005798549058985390599852905A9851906A
:102A200000242AE005205599FFF729FF8346204618
:102A3000529B539A5499FFF7D7FE584400905199EE
:102A40000098084400902046FFF7F4FE00990844DF
:102A5000009001A850F82410009808440090529863
:102A60005190539852901E205499FFF708FF5390AD
:102A70005598549000985590641C502CD2D3569978
:102A80005598084456905799549808445790589927
:102A900053980844589059995298084459905A9913
:102AA000519808445A9008F10108B045FFF657AF15
:102AB0005698E8705698000AA8705698000C6870EE
:102AC0005698000E28705798E8715798000AA87118
:102AD0005798000C68715798000E28715898E87242
:102AE0005898000AA8725898000C68725898000EFE
:102AF00028725998E8735998000AA8735998000CDD
:102B000068735998000E28735A98E8745A98000A06
:102B1000A8745A98000C68745A98000E28745DB016
:102B2000BDE8F08F2DE9F04FADF5B36D07460E46C9
:102B300092469846DDF8BC9540254FF0360B5C2058
:102B4000CDF89405002404E000200DF254510855FE
:102B5000641C402CF8DBAE421DD0AE420FDD4A466D
:102B600031463846FFF7A2FE002405E019F80400BC
:102B70000DF254510855641C142CF7DB14E0AE42DE
:102B800012DA002404E0385D0DF254510855641C3B
:102B9000B442F8DB08E0002404E0385D0DF2545143
:102BA0000855641CAC42F8DB002408E00DF25450D8
:102BB000005D80EA0B000DF214510855641C402C96
:102BC000F4DB002405E00DF21450005D15A9085552
:102BD000641C402CF7DB002406E01AF8041015AA48
:102BE00004F140001154641C4445F6DB08EB050178
:102BF0004A4615A8FFF75AFE002409E00DF254508A
:102C0000005DDDF8941548400DF2D4410855641C70
:102C1000402CF3DB002413E09979825AA1EBD96EA2
:102C2000DCBC1B8FD6C162CA0123456789ABCDEFDF
:102C3000F0E1D2C30DF2D440005D0DF80400641C35
:102C4000402CF7DB002406E019F8041004F14000E2
:102C50000DF80010641C142CF6DB4A4605F1140133
:102C60006846FFF723FE0DF5B36DBDE8F08F000059
:102C70002DE9F04F07468946099C00250026AC4601
:102C8000A846AA4600211CB900201060BDE8F08FBC
:102C90000320B4FBF0F04FF0030BB4FBFBFE0BFB87
:102CA0001E4BBBF1000F02D04FF0010B01E04FF0C3
:102CB000000B00EB0B06B6F1804F05D34FF0FF3051
:102CC00010606FF02900E1E7B600701C814500D369
:102CD00027B9701C10606FF02900D7E70320B4FB00
:102CE000F0F000EB40060025394629E013F801CB4F
:102CF00013F8018B13F801AB87484FEA9C0B10F8CF
:102D00000B0001F8010B4FEA0C1000EB281000F04B
:102D10003F00DFF804B21BF8000001F8010B4FEA96
:102D2000880000EBAA1000F03F001BF8000001F83B
:102D3000010B0AF03F001BF8000001F8010BED1C2D
:102D4000B542D3D3A5422DD213F801CB681CA042C3
:102D500002D213F8010B00E0002080466E48CCF34D
:102D6000850B10F80B0001F8010B4FEA0C1000EB7B
:102D7000281000F03F00DFF8A0B11BF8000001F8B8
:102D8000010B681CA04207D23F2000EA88001BF814
:102D9000000001F8010B02E03D2001F8010B3D208D
:102DA00001F8010BC81B10600020087000BF6DE720
:102DB0002DE9F047074689469046DDF820C00021FE
:102DC0000022002400260025002004460246014679
:102DD00045E0002601E0491C761C614502D2585CA2
:102DE0002028F8D0614500D13BE0ACEB010002287F
:102DF00007D3585C0D2804D1481C185C0A2800D160
:102E00002CE0585C0A2800D128E01EB16FF02B009E
:102E1000BDE8F087585C3D2806D1601C04460228B6
:102E200002D96FF02B00F3E7585C7F2806DC585C72
:102E3000DFF8E8A01AF800007F2802D16FF02B001D
:102E4000E6E7585CDFF8D4A01AF80000402803DA5F
:102E500014B16FF02B00DBE7521C00BF491C614529
:102E6000B7D300BF1AB90020C8F80000D0E7D008D7
:102E700000EB40004FEA400A02F0070000EB400080
:102E80004000C01D0AEBD002121B0FB1914504D2C5
:102E9000C8F800206FF02900BAE703240020064696
:102EA00002463D4631E018780D2805D018780A28EA
:102EB00002D01878202800D125E01878DFF85CA02F
:102EC0001AF80000402801D1012000E00020241A57
:102ED0001878DFF848A01AF8000066F39F1006463D
:102EE000501C024604280DD1002214B1300C05F804
:102EF000010B012C02D9300A05F8010B022C01D973
:102F000005F8016B00BF491E5B1C0029CBD1E81BF3
:102F1000C8F8000000207BE762D80008A2D80008AB
:102F200070B504460E460025206898B9012020732C
:102F3000304606F089FE20602068E0B10020606025
:102F4000A66003E00020216848556D1CA068A842D7
:102F5000F8D810E00220207303E0002021684855D3
:102F60006D1CA068A842F8D800206060A068B0423C
:102F700001D20020206070BD10B50446207B0128DE
:102F800002D1206806F08FFE002020606060A06003
:102F9000207310BD0246002301230DE002F07F00E4
:102FA0000870D2092AB1087840F080000870491CE6
:102FB00001E0184670475B1C042BEFDD4FF0FF303B
:102FC000F8E7F0B504460D462646012300201060C0
:102FD000002114E0775C07F07F07106807FB03000F
:102FE0001060705C00F0800008B9481CF0BDDB0187
:102FF000B3F5001F02D36FF00100F7E7491CA942A7
:10300000E8DB4FF0FF30F1E7F8B50446FF27207802
:103010000511012D01DB0E2D01DD3846F8BD032D14
:1030200024D1002000906A460421601CFFF7C9FFEC
:103030002044461C0098022803D3207800F00100A9
:1030400008B1FF20EAE77078317840EA0120801C5F
:103050000099884201D9FF20E0E7F8A1B01C07F0F1
:103060008DF908B10F2700E0032700E02F4638460E
:10307000D4E72DE9FF4F83B082468B469146159CDD
:103080000025002002900F270190484607F0ACF978
:103090000FFA80F8B9F1000F03D1012007B0BDE8A5
:1030A000F08F08F10200384487B2109808B145F05B
:1030B0000205129878B145F00405129807F094F9CA
:1030C000C0B20290139807F08FF901460298001DD4
:1030D0000844384487B2119820B1012804D002284E
:1030E00008D104E000BF07E045F00C0504E045F01E
:1030F000140501E00220D1E700BF149808B145F0A3
:103100002405BAF1000F02D0BBF1000F01D103205A
:10311000C4E745F0C005504607F066F90646584634
:1031200007F062F93044001D384487B23946204622
:10313000FFF7F6FE206808B90420AFE7394620689B
:1031400007F047FA10216268501C606020688154C3
:10315000D4E90023D118781FFFF71CFF00B20190BB
:103160000198002804DA2046FFF706FF052095E7BE
:10317000616801980844606000216268501C6060CA
:103180002068815404216268501C6060206881546A
:103190004D216268501C6060206881545121626832
:1031A000501C60602068815454216268501C60602B
:1031B000206881546268501C60602068815404213A
:1031C0006268501C6060206881546168481C6060BF
:1031D000206845540698010A6268501C60602068A7
:1031E00081540698C1B26268501C606020688154A6
:1031F000C8F307216268501C6060206881546268CF
:10320000501C6060206800F80280D4E90012881821
:103210004246494607F0A0F860684044606005F007
:103220000400B8B30026139808B986A0139012982A
:1032300007F0DAF886B2310A6268501C60602068D4
:1032400081546268501C606020688654D4E9001282
:1032500088183246129907F07FF860683044606041
:10326000139807F0C1F886B2310A6268501C60609A
:10327000206881546268501C606020688654D4E9DC
:10328000001288183246139907F066F860683044D7
:10329000606000BF05F08000C8B1504607F0A4F898
:1032A00086B2310A6268501C60602068815462688E
:1032B000501C606020688654D4E900128818324699
:1032C000514607F049F860683044606000BF05F07F
:1032D0004000C8B1584607F087F886B2310A6268E4
:1032E000501C6060206881546268501C60602068D7
:1032F0008654D4E9001288183246594607F02CF853
:1033000060683044606000BF0020C7E610B5044626
:1033100002212046FFF704FE206808B9012010BDF5
:10332000E0216268501C606020688154002162685E
:10333000501C6060206881540020F0E70146487806
:10334000022801D001207047887810B188780128C0
:1033500001D1C878F7E7FF20F5E72DE9FF4F83B0EB
:10336000834617469946139C0025002600200290AC
:1033700001908046BBF1000F03D1012007B0BDE8EA
:10338000F08F00260AE00498805D232803D004987B
:10339000805D2B2801D10220F0E7761C0498805D27
:1033A0000028F0D148F03008119808B148F0010821
:1033B00006EB0900851C109820B1012804D00228D2
:1033C0000AD105E000BF09E048F00208AD1C05E0A5
:1033D00048F00408AD1C01E00320CFE700BF67B34D
:1033E0003878022821D14FF0000A00BF50460AF178
:1033F000010A385C7D28F9D1AAF1030A0AF1070015
:1034000002900298A9EB000AE81CA0EB0A012046F2
:10341000FFF786FD206808B90420AFE7EA1CA2EB9D
:103420000A01206807F0D5F81FE0691D2046FFF764
:1034300077FD206840B90420A0E70AE024637265A4
:103440007100000000000000691D206807F0C1F84D
:103450000BE0691D2046FFF763FD206808B90420D2
:103460008CE7691D206807F0B4F86168481C60604B
:10347000206800F80180D4E9000281182846FFF78F
:1034800089FD01900198002804DA2046FFF774FDB9
:10349000052073E76168019808446060C6F307215E
:1034A0006268501C6060206881546268501C6060D3
:1034B00020688654D4E9001288183246049906F030
:1034C0004BFF606830446060109860B14FEA1B2188
:1034D0006268501C6060206881546268501C6060A3
:1034E000206800F802B0C7B1387802280BD1D4E9BF
:1034F000001288183946029A06F0ECFF61680298BB
:103500000844606009E0D4E9001288184A46394648
:1035100006F0E0FF60684844606000202EE72DE977
:10352000F04190B004460D4616469846169F234635
:10353000F7A2302104A8009506F01AFC0120002112
:10354000CDE9000133460A4604A9CDE902070A2065
:10355000FFF703FF18B1012010B0BDE8F081002093
:10356000FAE72DE9F04F85B080460D4691460120DF
:1035700004900027002600244FF0000A404606F081
:1035800033FF00F10D0B584606F05EFB07461FB9EE
:10359000049805B0BDE8F08F4246E5A1384606F034
:1035A000D1FB384606F020FFC6B2F01D00EB050A3D
:1035B000AAEB050006F048FB044624B9384606F09D
:1035C00072FB0498E5E70220207000206070A6706E
:1035D00032463946E01C06F07DFF290EF01C2154CE
:1035E000C5F30741301D2154C5F30721701D215437
:1035F000B01D255401200021CDE90001534622468B
:10360000CFA1CDE902090A20FFF7A7FE08B90020E3
:103610000490384606F047FB204606F044FB049829
:10362000B7E72DE9F84380460C4615461E462F2184
:1036300008F1060006F086FE07460020009017B944
:103640000120BDE8F8837F1C6A46042108F10100CF
:10365000FFF7B7FC252006F0F7FA2060206808B9CC
:103660000220EEE72521206806F0B3FF2422394628
:10367000206806F02FFF243700982C3830803188DE
:10368000481C06F0E1FA2860286820B9206806F096
:103690000AFB0320D5E73288511C286806F099FF01
:1036A00032883946286806F015FF0020C9E72DE961
:1036B000FF5F07460D469046384606F095FE86B2F7
:1036C000284606F091FE1FFA80FA4FF00009F01D1F
:1036D00006F0BAFA04461CB9012004B0BDE8F09F18
:1036E000F11D204606F075FF96A0016821608088D4
:1036F000A08032463946204606F02EFE284606F0C7
:1037000073FE83460120002100915B462A46CDE9E5
:103710000208019121460A20FFF71FFE10B94FF061
:10372000000901E04FF00109204606F0BCFA4846C6
:10373000D3E72DE9FF5F8046174699460E9C002689
:10374000B246B3460025B8F1000F03D1012004B002
:10375000BDE8F09F0BE057F8250008B90220F6E716
:1037600057F8250006F040FE0644681CC5B24D45DA
:10377000F1DB09EB4900801C00EB060A0AF10501A8
:103780002046FFF7CDFB206808B90320DFE7822140
:103790006268501C606020688154D4E9000281187E
:1037A0005046FFF7F7FB0FFA80FBBBF1000F04DA7E
:1037B0002046FFF7E1FB0420C9E7606858446060D9
:1037C0004FEA18216268501C60602068815462686A
:1037D000501C6060206800F80280002524E057F843
:1037E000250006F001FE0646C6F307216268501C5C
:1037F0006060206881546268501C60602068865454
:10380000D4E90023D01857F82510324606F0A4FD5D
:103810006068304460600198C1B26268501C6060AA
:1038200020688154681CC5B24D45D8DB00208EE766
:103830000146FF208A78A2B9CA78142A11D10A79E0
:1038400032B1012A05D0022A04D0802A06D103E031
:1038500000BF00BF002003E0012001E0022000BF04
:1038600000BF70472DE9F05F80460F4691461C4629
:103870000026B246B3460025B8F1000F02D1012060
:10388000BDE8F09F0BE057F8250008B90220F7E7E4
:1038900057F8250006F0A8FD0644681CC5B24D4542
:1038A000F1DB022000EB490000EB060A0AF10501FA
:1038B0002046FFF735FB206808B90320E0E7A22186
:1038C0006268501C606020688154D4E9000281184D
:1038D0005046FFF75FFB0FFA80FBBBF1000F04DAE5
:1038E0002046FFF749FB0420CAE76068584460603F
:1038F0004FEA18216268501C606020688154626839
:10390000501C6060206800F8028000253CE0000048
:10391000247379732F25732F25732F7468696E674D
:103920002F70726F70657274792F706F73740000EE
:103930007B2264735F6964223A222573227D000032
:103940002464700024637273702F000057F8250000
:1039500006F04AFD0646C6F307216268501C606007
:10396000206881546268501C606020688654D4E9E5
:103970000023D01857F82510324606F0EDFC606899
:1039800030446060681CC5B24D45DFDB002077E73E
:10399000014601208A781AB9CA781E2A00D100206F
:1039A00070472DE9FC5F81460D4614461E46DDE951
:1039B0000C8B99F8000000F00F0A002001900AF02B
:1039C00008000090CAF341008BF8000001AA04210E
:1039D00009F10100FFF7F5FA4844471C0198022855
:1039E00002D30AF0010010B1FF20BDE8FC9F7878F7
:1039F000397840EA012020802088801C0199884283
:103A000001D9FF20F1E7AFF2CC51B81C06F0B6FCAB
:103A100008B10F20E9E79BF8000020B101283DD054
:103A2000022877D13BE0009808B1FF20DDE721882C
:103A3000481C06F009F92860286808B9FF20D4E777
:103A40002288511C286806F0C4FD2288B91C286809
:103A500006F040FD0198801E2188401AA8F8000059
:103A6000B8F80010481C06F0EFF83060306820B954
:103A7000286806F018F9FF20B7E7B8F80020511CB5
:103A8000306806F0A6FDB8F80020B4F800C0BB1CF2
:103A90000CEB0301306806F01DFD4FE000BF2088ED
:103AA000801C0199884201D9FF209EE72088C01C14
:103AB000395C2088801C385C41EA00210E98018026
:103AC0000E9808B9FF2090E72188481C06F0BCF842
:103AD0002860286808B9FF2087E72288511C2868D9
:103AE00006F077FD2288B91C286806F0F3FC0198DF
:103AF000001F2188401AA8F80000B8F80010481CE0
:103B000006F0A2F83060306828B9286806F0CBF8D3
:103B1000FF206AE710E0B8F80020511C306806F07A
:103B200058FDB8F80020B4F800C03B1D0CEB0301B1
:103B3000306806F0CFFC01E0FF2056E700BF2B21E4
:103B4000284606F0FFFB20B92321284606F0FAFBA1
:103B500008B1FF2049E7002047E770B505460C464D
:103B600004212046FFF7DCF9206808B9012070BD68
:103B700040216268501C60602068815402216268A4
:103B8000501C60602068815429126268501C60607B
:103B9000206881546268501C606020688554002051
:103BA000E5E701464878022801D00120704788786F
:103BB00020B9C8780A2801D10020F7E70120F5E7ED
:103BC00070B505460C4604212046FFF7A9F9206888
:103BD00008B9012070BD50216268501C60602068E7
:103BE000815402216268501C60602068815429124F
:103BF0006268501C6060206881546268501C60607C
:103C0000206885540020E5E701464878022801D065
:103C100001207047887820B9C8780A2801D100208F
:103C2000F7E70120F5E770B505460C46042120466C
:103C3000FFF776F9206808B9012070BD622162683B
:103C4000501C60602068815402216268501C6060D2
:103C50002068815429126268501C60602068815479
:103C60006268501C6060206885540020E5E70246C9
:103C70005078022801D0012070479078B0EB112FC6
:103C800005D1D078CBB2984201D10020F4E70120D1
:103C9000F2E770B505460C4604212046FFF740F9CF
:103CA000206808B9012070BD70216268501C6060F6
:103CB0002068815402216268501C60602068815431
:103CC00029126268501C6060206881546268501C30
:103CD0006060206885540020E5E7014648780228A6
:103CE00001D001207047887820B9C8780A2801D10E
:103CF0000020F7E70120F5E710B504460221204631
:103D0000FFF70EF9206808B9012010BDC0216268D4
:103D1000501C60602068815400216268501C606003
:103D2000206881540020F0E710B54FF40071794805
:103D300006F04FFC00207849088010BD76480088C6
:103D400008B901207047744800887449098888427E
:103D500003D1002070490880F4E76F4800886F495C
:103D600008800120EEE72DE9F04104460D46C82603
:103D7000204606F039FB87B23A4621466848FDF7EF
:103D800008FB0FE0FFF7DAFF48B92946614806F063
:103D9000F5FA20B1FFF7C8FF0020BDE8F0810A2046
:103DA00003F094FE301EA6F10101CEB2EAD101204B
:103DB000F3E730B589B004460D46FFF7B5FF2A4654
:103DC00058A101A805F0BEFF5AA101A8FFF7CBFF3B
:103DD00020B92A4621465248FDF7DBFA09B030BD2A
:103DE00070B50546002400BFFFF7A8FF80B952A1B7
:103DF000484806F0C3FA044654B13A21204606F07A
:103E0000A1FA044614B1641C204670BD0020FCE7F2
:103E1000052003F05BFE281EA5F101018DB2E3D160
:103E200000BFF2E710B5FFF77FFF01F015FF082391
:103E300043A20021084601F0E9FF03E04FF4FA70C5
:103E400003F044FE40A141A0FFF78DFF0028F5D10B
:103E5000082340A2022101F0D9FF03E04FF4FA70D9
:103E600003F034FE38A13EA0FFF77DFF0028F5D116
:103E700008233FA2042101F0C9FF03E04FF4FA70C8
:103E800003F024FE30A13EA0FFF76DFF0028F5D11E
:103E900008233FA2062101F0B9FF03E04FF4FA70B6
:103EA00003F014FE3DA13FA0FFF75DFF0028F5D110
:103EB00045A14B48FDF786FA01F0CEFE102349A23A
:103EC0000021084601F0A2FF4FF4FA7003F0FEFD56
:103ED00010BD10B540F225511148FDF771F9B8B188
:103EE0000D480088B0F5007F02D300200A49088001
:103EF0000B48001D0088C1B2074802880088401C9A
:103F0000054B18800348815420210548FDF74FF9DF
:103F100010BD0000780300203E000020400000207B
:103F20000044004041542B43495053454E443D25E5
:103F3000640D0A003E0000004950442C00000000BF
:103F4000312E41542E2E2E004F4B000041540D0AAD
:103F500000000000322E43574D4F44452E2E2E00B8
:103F600041542B43574D4F44453D310D0A0000004D
:103F7000332E41542B4357444843502E2E2E0000DD
:103F800041542B4357444843503D312C310D0A00D6
:103F9000342E43574A41502E2E2E0000474F5420B6
:103FA0004950000041542B43574A41503D22766905
:103FB000766F58313030222C223138373738313251
:103FC00038333033220D0A00352E20455350383215
:103FD000363620496E6974204F4B0D0A00000000F0
:103FE000003801404553503832363620496E6974E6
:103FF000204F4B00FE480068704770B504460D46E0
:104000002CB9AC4201D0012070BD0020FCE70DB9F5
:104010000120F9E705E0207808B90020F4E7641CE6
:104020006D1C207805F066FE0646287805F062FED5
:104030008642F0D0207805F05DFE0646287805F02F
:1040400059FE301AE0E770B50446204606F0CCF978
:10405000451C2846E74909688847061E00D170BDFF
:104060002A462146304606F035FA3046F7E730B9A1
:10407000E149E04A1160E149E14A11607047016895
:1040800009B1016800E0DC49DA4A1160416809B110
:10409000416800E0D949DA4A116000BFEEE710B587
:1040A0002820D4490968884704461CB128212046A5
:1040B00006F0B1FA204610BD70B5044622E025682E
:1040C000A08900F4807020B9A06810B1A068FFF743
:1040D000F3FFA08900F4807028B9206918B1C8499D
:1040E000206909688847A08900F4007028B9206A0F
:1040F00018B1C349206A096888472046C049096841
:1041000088472C46002CDAD170BD2DE9F04F8BB0DA
:1041100083468A460020044605460026B94F002102
:10412000884689460990012008909AF800002D28B9
:1041300002D1B54F0AF1010A9AF80000302801D1E6
:104140000AF1010A9AF80000312822DB9AF80000EF
:1041500039281EDC00BF1AF8011BA1F1300008F05D
:1041600032FF0022A94BCDE906012046294608F07E
:104170007DFFCDE90401DDE9062308F0A5FC044636
:104180000D469AF80000302803DB9AF80000392821
:10419000E1DD9AF800002E2830D19AF8010030288D
:1041A0002CDB9AF80100392828DC0AF1010A00BF4B
:1041B0001AF8011BA1F1300008F005FF0022934B13
:1041C000CDE906012046294608F050FFCDE904015B
:1041D000DDE9062308F078FC04460D460022894BF1
:1041E0004046494609F068F9804689469AF8000039
:1041F000302803DB9AF800003928D9DD9AF800004E
:10420000652803D09AF80000452823D10AF1010A55
:104210009AF800002B2802D10AF1010A08E09AF866
:1042200000002D2804D14FF0FF3008900AF1010A58
:1042300008E01AF8010B3038099901EB810100EB15
:10424000410009909AF80000302803DB9AF800003A
:104250003928EEDDDDE9082101FB02F008F0B3FEAC
:1042600042464B46CDE9000108F02EFC02460B46C3
:10427000CDE902010020654907F0E8FE22462B4601
:10428000CDE906013046394608F0F0FECDE90401DB
:10429000DDE9062308F0EAFE04460D46CBE90645B3
:1042A0002046294608F060FECBF814000320CBF826
:1042B0000C0050460BB0BDE8F08F0146491E41EAA4
:1042C000610141EAA10141EA211141EA212141EACA
:1042D0002141481C70472DE9F04104460E460CB1BF
:1042E000206810B90020BDE8F081A068064460682D
:1042F000B04203DBA16820680844F4E73046FFF7CA
:10430000DCFF074638463B490968884705463DB902
:104310003B49206809688847002060602060E2E728
:1043200025B12846D4E9001206F0D4F834492068B3
:104330000968884767602560A0682844D3E770B59E
:1043400004460CB1206808B9002070BDA16820683F
:104350004518284606F048F8A1680844F5E72DE915
:10436000FC4782460E464FF00009DAE90645002276
:1043700013462046294608F0BBFD13D12EB1022179
:104380003046FFF7A8FF814604E00220194909687A
:1043900088478146B9F1000F03D01DA00088A9F815
:1043A00000009FE0DAF8140008F00DFE07462246F0
:1043B0002B4609F081F821F000410022154BCDE990
:1043C000000108F017FE3ED8134A144B2046294638
:1043D00008F010FE37D80022114B2046294608F07D
:1043E00043FF30D806B315213046FFF774FF19E0BC
:1043F0004400002048000020499C0008A79C0008B9
:104400004C0000200000F03F0000F0BF00002440FE
:10441000300000000000B03C0000C0FFFFFFDF41A3
:104420000000E0C1814604E01520FA490968884788
:104430008146B9F1000F55D0F7A14846DAF81420AB
:1044400005F080FC4EE02EB140213046FFF743FFDF
:10445000814604E04020EF49096888478146B9F168
:10446000000F3FD02046294607F082FD074622462E
:104470002B4609F021F821F000410022E74BCDE95D
:10448000000108F0B7FD0FD825F000412746E44AA7
:10449000E44B384608F0AEFD06D222462B46E2A198
:1044A000484605F04FFC1DE025F000412746E04A54
:1044B000E04B384608F09EFD07D325F0004100226E
:1044C000DD4B384608F0D0FE06D222462B46DBA153
:1044D000484605F037FC05E022462B46D8A1484661
:1044E00005F030FC4846BDE8FC870146002208780C
:1044F000302806DB0878392803DC08783038024495
:1045000015E00878412806DB0878462803DC08789F
:10451000373802440BE00878612806DB0878662803
:1045200003DC08785738024401E00020704712018C
:10453000491C0878302806DB0878392803DC08781D
:104540003038024415E00878412806DB0878462810
:1045500003DC0878373802440BE00878612806DB72
:104560000878662803DC08785738024401E0002008
:10457000DCE71201491C0878302806DB0878392866
:1045800003DC08783038024415E00878412806DB5F
:104590000878462803DC0878373802440BE00878AE
:1045A000612806DB0878662803DC0878573802445F
:1045B00001E00020BAE71201491C0878302806DB28
:1045C0000878392803DC08783038024415E0087888
:1045D000412806DB0878462803DC0878373802448F
:1045E0000BE00878612806DB0878662803DC087889
:1045F0005738024401E0002098E7104696E72DE97D
:10460000F05F8346884608F10104002798F800000F
:10461000222805D08B48C0F800800020BDE8F09F1C
:1046200004E014F8011B5C2900D1641C20782228C6
:1046300004D0207810B1781C071EF2D1781C75497F
:10464000096888478146B9F1000F01D10020E5E7EC
:1046500008F101044D469EE020785C2804D014F84F
:10466000010B05F8010B96E0641C2078722818D025
:1046700006DC622809D066280BD06E287ED10CE0BB
:10468000742812D07528F9D113E0082005F8010B21
:104690007FE00C2005F8010B7BE00A2005F8010BF8
:1046A00077E00D2005F8010B73E0092005F8010BF8
:1046B0006FE0601CFFF719FF0646241DB6F55C4F3E
:1046C00002D3B6F5604F00D306B962E0B6F5584F95
:1046D0001CD3B6F55C4F19D260785C2802D1A07863
:1046E000752800D055E0E01CFFF7FFFE8246A41DB0
:1046F000BAF55C4F02D3BAF5604F00D349E0C6F378
:104700000901504661F39F2000F580360427802E72
:1047100001D2012708E0B6F5006F01D2022703E0BD
:10472000B6F5803F00D203273D44012F20D0022F51
:1047300015D0032F0AD0042F24D106F0BF0040F07B
:104740008001681E05460170B60900BF06F0BF0073
:1047500040F08001681E05460170B60900BF06F0F2
:10476000BF0040F08001681E05460170B60900BF19
:104770003548C05D3043C1B2681E00E005E0054623
:10478000017000BF00BF3D4403E0207805F8010B35
:1047900000BF00BF641C2078222803D020780028A6
:1047A0007FF45AAF002028702078222800D1641CA2
:1047B000CBF810900420CBF80C0020462EE72DE912
:1047C000F05F804689460027BB46454611E02878C1
:1047D000002802DD2878202805DB2878222802D04E
:1047E00028785C2801D1012000E0002040EA0B0B72
:1047F0006D1C28780028EAD1BBF1000F3ED1A5EB53
:104800000807B9F1000F21D0F91C4846FFF763FDF6
:10481000064620E048000020256400000000B03C6F
:1048200044F3C2E4E4E9634C252E30660000000046
:104830008DEDB5A0F7C6B03E65CDCD412565000034
:10484000256600004400002022D90008F81CFD491C
:1048500009688847064616B90020BDE8F09F34462F
:10486000222004F8010B4146204605F099FD222044
:10487000E0550021781C21543046EEE7B8F1000FD6
:1048800016D1B9F1000F05D003214846FFF723FDEB
:10489000064604E00320EB490968884706460EB93E
:1048A0000020DAE7E8A1304605F07AFD3046D4E78B
:1048B00045460BE05146E5A005F044FD08B17F1CDC
:1048C00003E0BAF1200F00DA7F1D6D1C95F800A0FF
:1048D000BAF1000F02D0781C071EEBD1B9F1000F1E
:1048E00005D0F91C4846FFF7F6FC064604E0F81C24
:1048F000D4490968884706460EB90020ADE734461A
:104900004546222004F8010B47E028781F280ADDDD
:104910002878222807D028785C2804D015F8010BC5
:1049200004F8010B39E05C2004F8010B15F8011BB9
:104930008A460C2919D006DC082912D0092920D072
:104940000A2922D115E00D2917D0222905D05C298A
:104950001BD15C2004F8010B1EE0222004F8010B9F
:104960001AE0622004F8010B16E0662004F8010B3F
:1049700012E06E2004F8010B0EE0722004F8010B27
:104980000AE0742004F8010B06E05246B1A120466B
:1049900005F0D8F9641D00BF00BF28780028B4D105
:1049A000222004F8010B002004F8010B304654E7E4
:1049B00070B504460D4629462069FFF700FF70BD1B
:1049C00000E0401C20B1017811B101782029F8DD08
:1049D00070472DE9F04706460C4620787B2804D026
:1049E0009E4804600020BDE8F0870620F060601C4F
:1049F000FFF7E6FF044620787D2801D1601CF2E72E
:104A0000FFF74DFB0546B060B06808B90020EAE743
:104A10002046FFF7D5FF804641462846FFF7EFFDC9
:104A20000746FFF7CDFF04460CB90020DBE72869F5
:104A300028620020286120783A2803D08748046043
:104A40000020D0E7601CFFF7BBFF804641462846A8
:104A500000F099F80746FFF7B3FF04460CB90020B1
:104A6000C1E731E0FFF71BFB071E00D1BBE72F605A
:104A70007D603D46601CFFF7A3FF814649462846FE
:104A8000FFF7BDFD8046FFF79BFF04460CB90020F1
:104A9000A9E7286928620020286120783A2803D0F5
:104AA0006E48046000209EE7601CFFF789FF814686
:104AB0004946284600F067F88046FFF781FF044624
:104AC0000CB900208FE700BF20782C28CAD02078AE
:104AD0007D2801D1601C86E760480460002082E7E1
:104AE0002DE9F04705460C4620785B2804D05B484A
:104AF00004600020BDE8F0870520E860601CFFF737
:104B00005FFF044620785D2801D1601CF2E7FFF7C3
:104B1000C6FA0646A860A86808B90020EAE7204659
:104B2000FFF74EFF80464146304600F02CF807461E
:104B3000FFF746FF04460CB90020DBE717E0FFF75C
:104B4000AEFA071E00D1D5E737607E603E46601C96
:104B5000FFF736FF81464946304600F014F880469C
:104B6000FFF72EFF04460CB90020C3E700BF2078F2
:104B70002C28E4D020785D2801D1601CBAE73748A2
:104B800004600020B6E770B505460C460CB900205D
:104B900070BD042232A1204605F045FC18B9022060
:104BA000E860201DF4E705222FA1204605F03BFC1C
:104BB00018B90020E860601DEAE704222CA1204615
:104BC00005F031FC20B90120E8606861201DDFE7B5
:104BD0002078222804D121462846FFF710FDD7E788
:104BE00020782D2805D02078302807DB2078392838
:104BF00004DC21462846FFF788FAC9E720785B28BD
:104C000004D121462846FFF76BFFC1E720787B28B7
:104C100004D121462846FFF7DCFEB9E70F480460BF
:104C20000020B5E72DE9F04780460D4616460024E2
:104C3000FFF735FA0746002008490860E7B9BDE8E4
:104C4000F08700004800002022220000225C080CAF
:104C50000A0D09007525303478000000440000205A
:104C60006E756C6C0000000066616C73650000007E
:104C700074727565000000004046FFF7A1FE814692
:104C800049463846FFF77FFF04462CB93846FFF700
:104C900013FA0020BDE8F08766B12046FFF790FECA
:104CA0000446207830B13846FFF706FAFE48046023
:104CB0000020EFE705B12C603846EBE710B504465D
:104CC000002211462046FFF7ADFF10BD2DE9FF4F32
:104CD00089B0884616461F46002008900790069027
:104CE0004FF0070A00250998D0F80890002002909C
:104CF0000190009004E00298401C0290D9F80090C6
:104D0000B9F1000FF7D10298002835D157B116B18B
:104D100008F1040000E0032001463846FFF7DBFA03
:104D2000069009E016B108F1040100E003210846ED
:104D3000DE49096888470690069818B900200DB02A
:104D4000BDE8F08F069C7B2004F8010B66B10A20B9
:104D500004F8010B002503E0092004F8010B6D1C89
:104D6000A8F10100A842F7DC7D2004F8010B002027
:104D700004F8010B0698E2E7002F77D0BD680EB16A
:104D8000022000E0012082460AF101013846FFF7C7
:104D9000A2FA04460CB90020D1E77B2004F8010BED
:104DA00016B10A2004F8010B00202070B8685044A6
:104DB000B8600998D0F8089008F1010868E0B6B129
:104DC00041463846FFF787FA04460CB90020B6E79B
:104DD0000020039005E0092004F8010B0398401C13
:104DE000039003984045F6DBB8684044B860394604
:104DF000D9F82000FFF7E3FC3846FFF7A0FAB860C7
:104E00000EB1022000E00120824651463846FFF7ED
:104E100062FA04460CB9002091E73A2004F8010B2D
:104E200016B1092004F8010BB8685044B8603B463D
:104E300032464146484600F078FA3846FFF77FFA96
:104E4000B8600EB1012000E00020D9F8001009B1CF
:104E5000012100E0002100EB010A0AF101013846BE
:104E6000FFF739FA044614B9002068E734E0D9F8AE
:104E7000000010B12C2004F8010B16B10A2004F830
:104E8000010B00202070B8685044B860D9F8009039
:104E9000B9F1000F93D116B108F1010000E0022032
:104EA00001463846FFF717FA04460CB9002046E7DA
:104EB0004EB1002503E0092004F8010B6D1CA8F198
:104EC0000100A842F7DC7D2004F8010B00202070CF
:104ED00038682844069005E10299880073490968FA
:104EE00088470890089808B9002028E702998800A8
:104EF0006E49096888470790079828B96C4908984F
:104F00000968884700201AE702988100089805F090
:104F100082FB02988100079805F07DFB0998D0F884
:104F2000089008F1010806B1C2442EE00021D9F82A
:104F30002000FFF744FC0490079941F82500002366
:104F400032464146484600F0F0F929466D1C05906E
:104F5000089A42F82100049898B1059888B10598FC
:104F600005F042FA8346049805F03EFA0BEB000187
:104F7000891C16B108F1020000E0002008448244B8
:104F800001E001200190D9F80090B9F1000FCDD1D6
:104F9000019820B950464549096888470690069807
:104FA00008B901200190019818B3002514E0079872
:104FB00050F8250028B1079951F825003C490968A7
:104FC0008847089850F8250028B1089951F825001D
:104FD0003749096888476D1C02988542E7DB3449E8
:104FE0000798096888473249089809688847002067
:104FF000A5E67B21069801700698441C16B10A208C
:1050000004F8010B00202070002548E05EB100206C
:10501000039005E0092004F8010B0398401C03905D
:1050200003984045F6DB079951F8250005F0DCF9B7
:105030000090079850F825102046009A05F04AFA8B
:10504000009804443A2004F8010B16B1092004F832
:10505000010B089850F82510204605F0A1F9089991
:1050600051F8250005F0C0F904440298401EA842FA
:1050700002D02C2004F8010B16B10A2004F8010B11
:1050800000202070079951F82500094909688847D0
:10509000089951F825000649096888476D1C02984F
:1050A0008542B3DB024905E04400002048000020AF
:1050B0004C000020079809688847F7490898096854
:1050C00088474EB1002503E0092004F8010B6D1C50
:1050D000A8F10100A842F7DC7D2004F8010B0020B4
:1050E00004F8010B06982AE62DE9FF4F85B0924699
:1050F0001E464FF0000B052003900598D0F808805D
:10510000D946002500200290019003E009F1010931
:10511000D8F80080B8F1000FF8D1B9F1000F16D11E
:105120002EB103213046FFF7D6F8834604E0032072
:10513000DA49096888478346BBF1000F03D0D8A13C
:10514000584605F02DF9584609B0BDE8F08F002EFD
:1051500057D0B56801213046FFF7BDF804460CB9B9
:105160000020F1E75B202070B068401CB06005981B
:10517000D0F808802EE0334652460699491C404636
:1051800000F0D3F83046FFF7DAF8B060D8F8000046
:10519000F0B1BAF1000F01D0022000E0012003902D
:1051A0000399491C3046FFF796F804460CB90020D5
:1051B000CAE72C2004F8010BBAF1000F02D020201E
:1051C00004F8010B00202070B16803980844B06017
:1051D000D8F80080B8F1000F02D002980028CAD099
:1051E00002213046FFF777F804460CB90020ABE700
:1051F0005D2004F8010B00202070306800EB050BE7
:1052000091E04FEA8900A5490968884707460FB928
:10521000002099E74FEA8901384605F0FCF9059826
:10522000D0F8088021E0002352460699491C4046E8
:1052300000F07BF8049029466D1C049847F8210083
:10524000049870B1049805F0CFF8801CBAF1000FF3
:1052500001D0012100E0002101440398084403909B
:1052600001E001200290D8F80080B8F1000F02D0D0
:1052700002980028D7D0029820B988490398096875
:1052800088478346BBF1000F01D1012002900298AC
:1052900090B1002508E057F8250020B157F8250007
:1052A0007D49096888476D1C4D45F4DB38467A49CD
:1052B00009688847002047E75B208BF800000BF166
:1052C000010400202070002521E057F8250005F09A
:1052D0008BF8019057F825102046019A05F0FAF84E
:1052E00001980444A9F10100A8420AD02C2004F836
:1052F000010BBAF1000F02D0202004F8010B0020AE
:10530000207057F825006449096888476D1C4D4591
:10531000DBDB38466049096888475D2004F8010BEB
:10532000002004F8010B58460EE72DE9F041044631
:105330000F4690461D46002614B90020BDE8F081B6
:10534000002D49D0207B072845D2DFE800F0101C53
:1053500004282E343C0005212846FEF7BCFF0646F3
:1053600026B1AFF20471304605F01AF833E0062199
:105370002846FEF7B0FF064626B1AFF2147130465C
:1053800005F00EF827E005212846FEF7A4FF0646A3
:1053900026B1AFF22471304605F002F81BE0294631
:1053A0002046FEF7DCFF064615E029462046FFF7BB
:1053B000FFFA06460FE02B46424639462046FFF7E5
:1053C00093FE064607E02B46424639462046FFF745
:1053D0007DFC064600BF37E0207B072833D2DFE89C
:1053E00000F00A1004161C222A00AFF28C70FEF79F
:1053F0002AFE064627E0AFF29070FEF724FE06462E
:1054000021E0AFF29470FEF71EFE06461BE000217D
:105410002046FEF7A4FF064615E000212046FFF7D0
:10542000C7FA06460FE00023424639462046FFF7FA
:105430005BFE064607E00023424639462046FFF75A
:1054400045FC064600BF00BF304677E710B504466E
:105450000023012219462046FFF767FF10BD10B553
:10546000044600231A4619462046FFF75EFF10BD8A
:10547000FEB505460C461646204608490968884789
:1054800000900194002002906B463246002128468D
:10549000FFF74BFFFEBD00004C000020480000203D
:1054A0005B5D000001468A68002001E0401C126834
:1054B000002AFBD170470246906801E0491E00684F
:1054C00008B10029FADC704770B505460E46AC6895
:1054D00000E024682CB13146206AFEF78EFD0028DA
:1054E000F7D1204670BD01604860704770B5054631
:1054F000FEF7D5FD04460CB9002070BD28222946D0
:10550000204605F02CF800202062E06840F480700E
:10551000E0600020606020602046EEE770B5054640
:105520000E46AC6806B970BD0CB9AE6009E000E08B
:10553000246814B120680028FAD131462046FFF7CC
:10554000D2FF00BFEFE770B506460D46144604B91A
:1055500070BD206A18B1FE49206A0968884728464C
:10556000FEF771FD206221463046FFF7D7FF00BFEE
:10557000EEE770B506460D46144604B970BDA08925
:1055800000F4007028B9206A18B1F149206A09684E
:1055900088472562E06840F40070E06021463046AC
:1055A000FFF7BCFF00BFE9E770B505460C46204693
:1055B000FFF79CFF064631462846FFF7AFFF70BD58
:1055C0002DE9F04105460E4614462046FFF78EFFB2
:1055D00007463A4631462846FFF7B5FFBDE8F08159
:1055E00010B502460B46916801E009685B1E09B1DF
:1055F000002BFADC09B9002010BD486810B1D1E9D0
:1056000000042060086810B1D1E900406060906833
:10561000884201D108689060002008604860084610
:10562000EAE770B504460D4629462046FFF7D8FF45
:105630000646FEF741FD70BD2DE9F04105460F46D7
:105640000026AC6801E0761C24682CB13946206A3B
:10565000FEF7D3FC0028F6D12CB131462846FFF7DF
:10566000BFFFBDE8F0810020FBE770B504460D46A2
:1056700029462046FFF7E0FF0646FEF71DFD70BDF8
:105680002DE9F04106460F461446B56801E02D6845
:105690007F1E0DB1002FFADC2DB921463046FFF7F1
:1056A0003DFFBDE8F0812560686860606C60B068AF
:1056B000A84201D1B46001E06068046000BFF0E777
:1056C0002DE9F04106460F461446B56801E02D6805
:1056D0007F1E0DB1002FFADC0DB9BDE8F0812868FE
:1056E000206068686060206808B120684460B06825
:1056F000A84201D1B46001E06068046000206860E5
:1057000028602846FEF7D8FC00BFE6E72DE9F04107
:1057100005460E4617464FF00008AC6802E008F157
:10572000010824682CB13146206AFEF766FC002887
:10573000F5D144B13046FEF786FC38623A46414620
:105740002846FFF7BDFFBDE8F08110B5FEF7A7FCC6
:1057500004460CB10220E060204610BD10B5FEF7F3
:105760009EFC04460CB10120E060204610BD10B53F
:10577000FEF795FC04460CB10020E060204610BD09
:1057800070B50546FEF78BFC044624B10DB101202F
:1057900000E00020E060204670BD70B505460E4672
:1057A000FEF77DFC044644B10320E060C4E90656E0
:1057B0002846314607F0D8FB6061204670BD70B5C1
:1057C0000546FEF76CFC04462CB10420E060284638
:1057D000FEF739FC2061204670BD10B5FEF75FFC76
:1057E00004460CB10520E060204610BD10B5FEF760
:1057F00056FC04460CB10620E060204610BD2DE9A1
:10580000F05F81468A460025AB46FFF7E6FF064675
:10581000002410E059F8240007F0D5FB0746FFF7F5
:10582000BCFF05460CB9B56003E029465846FFF7B2
:105830005AFEAB46641C0EB15445EBDB3046BDE866
:10584000F09F2DE9F05F81468A460025AB46FFF7C1
:10585000C4FF0646002410E059F8240007F016FFA4
:105860000746FFF79AFF05460CB9B56003E02946E5
:105870005846FFF738FEAB46641C0EB15445EBDBCF
:105880003046BDE8F09F2DE9F047074688460025E1
:10589000A946FFF7A2FF0646002410E007EBC4006C
:1058A000D0E900211046FFF778FF05460CB9B56036
:1058B00003E029464846FFF716FEA946641C0EB1D0
:1058C0004445EBDB3046BDE8F0872DE9F04707465D
:1058D00088460025A946FFF780FF064600240DE014
:1058E00057F82400FFF76BFF05460CB9B56003E0DD
:1058F00029464846FFF7F7FDA946641C0EB144450A
:10590000EEDB3046BDE8F0872DE9F04705468946D5
:105910004FF0000815B90020BDE8F087FEF7BFFB87
:1059200004460CB90020F7E7E86820F48070E060D6
:1059300068696061D5E90601C4E90601286968B1B2
:105940002869FEF780FB2061206938B9204601E014
:105950004C000020FEF7B0FB0020DDE7286A50B1C4
:10596000286AFEF770FB2062206A20B92046FEF705
:10597000A3FB0020D0E7B9F1000F01D12046CBE70F
:10598000AF6816E001213846FFF7BEFF064626B98C
:105990002046FEF791FB0020BEE7B8F1000F05D0CE
:1059A000C8F80060C6F80480B04601E0A660B046C2
:1059B0003F68002FE6D12046AEE7014655E0027869
:1059C000202A01D1401C50E00278092A01D1401C54
:1059D0004BE002780D2A01D1401C46E002780A2AE9
:1059E00001D1401C41E002782F2A0BD142782F2AA6
:1059F00008D100E0401C0278002A36D002780A2A3A
:105A000033D0F7E702782F2A0ED142782A2A0BD119
:105A100000E0401C02782AB102782A2AF9D14278A3
:105A20002F2AF6D1801C20E00278222A19D110F802
:105A3000012B01F8012B0AE002785C2A03D110F84F
:105A4000012B01F8012B10F8012B01F8012B027832
:105A500012B10278222AEFD110F8012B01F8012BA4
:105A600003E010F8012B01F8012B0278002AA6D1DF
:105A70000A70704710B50221F948FAF76EFF01214C
:105A8000F748FAF76AFF0121F548FAF768FF0221A3
:105A9000F348FAF764FF10BD10B50221F048FAF799
:105AA0005CFF0121EE48FAF75AFF0121EC48FAF7B2
:105AB00054FF10BD10B50221E948FAF74EFF02214C
:105AC000E748FAF74CFF10BD2DE9F04105462C469A
:105AD0000221E348FAF743FF002619E0274607F0C2
:105AE0008007802F04D10121DD48FAF736FF03E05B
:105AF0000121DB48FAF733FF6006040E0221D84883
:105B0000FAF72BFF0221D648FAF729FF701CC6B21C
:105B1000082EE3DBBDE8F08110B50446FFF7AAFFCD
:105B20007820FFF7D1FFFFF7C5FF0020FFF7CCFF7C
:105B3000FFF7C0FF2046FFF7C7FFFFF7BBFFFFF7E8
:105B4000ABFF10BD10B50446FFF794FF7820FFF7B8
:105B5000BBFFFFF7AFFF4020FFF7B6FFFFF7AAFF3D
:105B60002046FFF7B1FFFFF7A5FFFFF795FF10BD38
:105B700070B504460D461DB1E0B2FFF7E3FF02E049
:105B8000E0B2FFF7C9FF70BD70B50646002418E00B
:105B900004F1B0000021FFF7EBFF00210846FFF7FA
:105BA000E7FF00211020FFF7E3FF002505E00121BA
:105BB0003046FFF7DDFF681CC5B2802DF7DB601CA7
:105BC000C4B2082CE4DB70BD06E041F6650100E0DC
:105BD000491E0029FCD1401E0028F6D1704701461D
:105BE00005E0002001E0421CD0B27B28FBDB0A1E4E
:105BF000A1F10101F5D1704770B504460D4605F1DC
:105C0000B0000021FFF7B4FF102141EA1410002179
:105C1000FFF7AEFF04F00F000021FFF7A9FF70BDF2
:105C200010B500218D20FFF7A3FF00211420FFF7FE
:105C30009FFF0021AF20FFF79BFF10BD10B5002193
:105C40008D20FFF795FF00211020FFF791FF002125
:105C5000AE20FFF78DFF10BD70B5002418E004F1F1
:105C6000B0000021FFF784FF00210846FFF780FF06
:105C700000211020FFF77CFF002505E00121002016
:105C8000FFF776FF681CC5B2802DF7DB601CC4B23D
:105C9000082CE4DB70BD70B5002418E004F1B000FE
:105CA0000021FFF765FF00210846FFF761FF002193
:105CB0001020FFF75DFF002505E001210846FFF7F2
:105CC00057FF681CC5B2802DF7DB601CC4B2082CDE
:105CD000E4DB70BD2DE9F04707460E469046994635
:105CE00000250024A8F12000C5B27F2F02DD002787
:105CF000B01CC6B2B9F1100F24D131463846FFF7B7
:105D00007BFF002408E004EB0511564A505C01219A
:105D1000FFF72EFF601CC4B2082CF4DB701CC1B26C
:105D20003846FFF769FF002409E004EB051108314C
:105D30004C4A505C0121FFF71BFF601CC4B2082CC9
:105D4000F3DB12E031463846FFF756FF00240AE045
:105D500005EB4501444A02EB4101085D0121FFF7D3
:105D600007FF601CC4B2062CF2DBBDE8F08710B55B
:105D70000246012000E050430B1EA1F10104E1B2F4
:105D8000F9D110BD2DE9FF5F074691461E460E9DD5
:105D90004FF0000A002435E0301B401EC1B20A203B
:105DA000FFF7E5FFB9FBF0F00A21B0FBF1F201FBD0
:105DB0001208BAF1000F14D1701EA04211DDB8F123
:105DC000000F0CD1AB4605EBDB71491001FB0471F0
:105DD000C8B22B4620220199FFF77CFF10E04FF05C
:105DE000010AAB4605EBDB71491001FB0471C8B237
:105DF00008F13001CAB22B460199FFF76BFF00BFD3
:105E0000601CC4B2B442C7DBBDE8FF9F2DE9F0417E
:105E100004460F461546984600260FE0AA5D434605
:105E200039462046FFF756FF04F10800C4B2782C2B
:105E300002DD0024B81CC7B2701CC6B2A85D0028E1
:105E4000ECD1BDE8F0812DE9F04180460E461546C3
:105E5000002731464046FFF7CFFE002411E0000046
:105E6000000C014051DB000829D90008764A02EBFA
:105E70008511085D0121FFF77BFE781CC7B2601C0D
:105E8000C4B2102CF2DB701CC1B24046FFF7B4FE66
:105E900000240CE06900491C6B4A02EB4111085DCB
:105EA0000121FFF765FE781CC7B2601CC4B2102C3C
:105EB000F0DBBDE8F0812DE9F05F06460F46904625
:105EC0001C46DDF828A04FF0000BE11704EB5171E0
:105ED000C910A4EBC10131B92046E11704EB51719F
:105EE000C1F3C70506E02046E11704EB5171C91064
:105EF000491CCDB23D4615E029463046FFF77CFEF1
:105F0000B1460BE059460BF1010B1AF801000121D3
:105F1000FFF72EFE09F1010000F0FF09C145F1DB9A
:105F2000681CC5B2A542E7DBBDE8F09F1CB50121A6
:105F30000820FAF721FF0320ADF8040010208DF8A7
:105F4000070003208DF8060001A94048FAF758FC25
:105F500003213E48FAF701FD3D48009000BF00983C
:105F6000411E00910028FAD10021AE20FFF700FE6B
:105F700000210846FFF7FCFD00211020FFF7F8FD87
:105F800000214020FFF7F4FD0021B020FFF7F0FDD5
:105F900000218120FFF7ECFD0021FF20FFF7E8FD45
:105FA0000021A120FFF7E4FD0021A620FFF7E0FD7E
:105FB0000021A820FFF7DCFD00213F20FFF7D8FDDE
:105FC0000021C820FFF7D4FD0021D320FFF7D0FD2A
:105FD00000210846FFF7CCFD0021D520FFF7C8FDC2
:105FE00000218020FFF7C4FD0021D820FFF7C0FD6D
:105FF00000210520FFF7BCFD0021D920FFF7B8FDE7
:106000000021F120FFF7B4FD0021DA20FFF7B0FDF9
:1060100000211220FFF7ACFD0021DB20FFF7A8FDD7
:1060200000213020FFF7A4FD00218D20FFF7A0FD07
:1060300000211420FFF79CFD0021AF20FFF798FD01
:10604000FFF70AFE1CBD000050000020000C0140BC
:10605000007C920000F1080141604FF0FF31816047
:1060600000F10801C1600161002101607047002159
:106070000161704742684A6093688B609368596019
:106080009160086103685B1C0360704710B50246AD
:106090000B685C1C0CB9106907E002F1080000E015
:1060A0004068446824689C42FAD944684C604C6853
:1060B000A160886041600A611468641C146010BDAE
:1060C00001460A69D1E901309860D1E901035860BD
:1060D0005068884201D188685060002008611068CB
:1060E000401E1060106870472DE9F04105460E46CD
:1060F00001272C4654B900BF502080F31188BFF30C
:106100004F8FBFF36F8F00BF00BFFEE7002C42D060
:10611000E06B00283FD04FF0FF31E06BB1FBF0F0B7
:10612000216C884237D303F0EFFCD4E90F122068CA
:1061300001FB0200A0600020A06320686060E06BAB
:10614000401E226C216800FB0211E160FF2084F8F0
:10615000440084F845009EB9206908B9012000E098
:106160000020A8B904F1100002F021FA80B14FF02C
:106170008050FA490860BFF34F8FBFF36F8F07E07D
:1061800004F11000FFF766FF04F12400FFF762FF3F
:1061900003F0E1FC00E000270FB1012000E0002047
:1061A00050B900BF502080F31188BFF34F8FBFF369
:1061B0006F8F00BF00BFFEE73846BDE8F0812DE9D4
:1061C000F04106460D4617469846069C0DB92460D8
:1061D00000E02760E663256401212046FFF784FF85
:1061E000BDE8F0812DE9F84380460E4617461C466F
:1061F000DDF82090002554B900BF502080F31188AD
:10620000BFF34F8FBFF36F8F00BF00BFFEE7B8F142
:10621000000F25D024B307B116B307B906BB482039
:1062200000900098482801D1012000E0002050B9DA
:1062300000BF502080F31188BFF34F8FBFF36F8FE3
:1062400000BF00BFFEE700BF2546012085F84600DD
:106250004B463A46314640460095FFF7B0FF0BE00B
:1062600055B900BF502080F31188BFF34F8FBFF3A3
:106270006F8F00BF00BFFEE72846BDE8F88370B50A
:1062800003460C46194651B900BF502585F31188C5
:10629000BFF34F8FBFF36F8F00BF00BFFEE752B950
:1062A00000BF502585F31188BFF34F8FBFF36F8F69
:1062B00000BF00BFFEE791F84650012D05D10CB19B
:1062C0000D6825601160012000E0002070BD2DE9FF
:1062D000F84305460E4617460024FDB1601EB0FB8C
:1062E000F5F0B0421AD305FB06F010F1490F15D8AE
:1062F00005FB06F808F1480003F028F90446CCB184
:10630000A14609F14809002084F846003B464A4668
:10631000314628460094FFF752FF0BE054B900BF06
:10632000502080F31188BFF34F8FBFF36F8F00BFF2
:1063300000BFFEE72046BDE8F88370B5044603F0D1
:10634000E3FB94F9455010E0606A08B9012000E0D1
:10635000002038B904F1240002F029F918B102F044
:10636000B0FA00E003E0681E45B2002DECDC00BF8F
:10637000FF2084F8450003F0EEFB03F0C5FB94F921
:10638000445010E0206908B9012000E0002048B91D
:1063900004F1100002F00BF908B102F092FA681E45
:1063A00045B200E001E0002DECDC00BFFF2084F8E6
:1063B000440003F0D0FB70BD70B5054603F0A4FBAC
:1063C000A86BE96B884201D1012400E0002403F0AE
:1063D000C2FB204670BD2DE9F04104460F4615462C
:1063E0004FF00008A66B206C48B9206800282CD11B
:1063F000A06802F01BFB80460020A06025E07DB96C
:106400003946226C606804F065F8216C60680844C5
:106410006060D4E90101884217D32068606014E00D
:106420003946226CE06804F055F8216CE068411AA6
:10643000E1602168E068884203D2216CA068411ABB
:10644000E160022D01D106B1761E701CA0634046AA
:10645000BDE8F0812DE9FF4383B0064688461D461E
:106460004FF00009344654B900BF502080F3118822
:10647000BFF34F8FBFF36F8F00BF00BFFEE7B8F1D0
:10648000000F01D1206C08B9012000E0002050B9B4
:1064900000BF502080F31188BFF34F8FBFF36F8F81
:1064A00000BF00BFFEE7022D02D1E06B012801D141
:1064B000012000E0002050B900BF502080F3118877
:1064C000BFF34F8FBFF36F8F00BF00BFFEE702F037
:1064D00037FA08B9059808B9012000E0002050B942
:1064E00000BF502080F31188BFF34F8FBFF36F8F31
:1064F00000BF00BFFEE700BF03F006FBA06BE16B2F
:10650000884201D3022D2BD12A4641462046FFF76F
:1065100062FF0746606A08B9012000E0002068B900
:1065200004F1240002F043F888B14FF080500B4989
:106530000860BFF34F8FBFF36F8F08E03FB14FF09C
:10654000805006490860BFF34F8FBFF36F8F03F091
:1065500002FB012007B0BDE8F083000004ED00E07D
:10656000059818B903F0F7FA0020F3E7B9F1000F26
:1065700004D101A802F047F94FF0010903F0EBFA4A
:1065800001F039FA03F0C0FA94F94400401C10B944
:10659000002084F8440094F94500401C10B9002004
:1065A00084F8450003F0D7FA05A901A802F032F9F2
:1065B000F0B92046FFF700FFA0B104F110000599E3
:1065C00001F096FF2046FFF7B8FE01F00CF9002815
:1065D00092D14FF08050F8490860BFF34F8FBFF35E
:1065E0006F8F89E72046FFF7A8FE01F0FCF883E7EC
:1065F0002046FFF7A2FE01F0F6F80020AAE710B54A
:10660000044654B10020A06020600021E160002316
:106610001A4619462046FFF71DFF10BD2DE9F0412F
:10662000044601260027224600210120FFF74FFEE5
:1066300005462846FFF7E3FF2846BDE8F0812DE92F
:10664000F84304460D4601274FF000082B46002270
:10665000114601200094FFF7C5FD06463046FFF7BE
:10666000CEFF3046BDE8F88370B505462C4654B9D8
:1066700000BF502080F31188BFF34F8FBFF36F8F9F
:1066800000BF00BFFEE702F04BF9A16888420CD1C1
:10669000E068401EE060E06828B900231A46194609
:1066A0002046FFF7D7FE012600E00026304670BDE9
:1066B00001464A6A22B10A6B1268C2F1050000E085
:1066C0000020704770B5054603F01EFAA86B08B9A4
:1066D000012400E0002403F03EFA204670BD2DE9BD
:1066E000F34182B0054600272C46B84654B900BF96
:1066F000502080F31188BFF34F8FBFF36F8F00BF1F
:1067000000BFFEE7206C08B9012000E0002050B96E
:1067100000BF502080F31188BFF34F8FBFF36F8FFE
:1067200000BF00BFFEE702F00BF908B9039808B9F3
:10673000012000E0002050B900BF502080F31188F4
:10674000BFF34F8FBFF36F8F00BF00BFFEE700BFE7
:1067500003F0DAF9A66BFEB1701EA063206810B9D1
:1067600002F05BFAA060206908B9012000E0002077
:1067700060B904F1100001F01AFF38B14FF08050F9
:106780008D490860BFF34F8FBFF36F8F03F0E3F9BC
:10679000012004B0BDE8F081039818B903F0DBF9DB
:1067A0000020F6E71FB9684602F02DF8012703F034
:1067B000D2F901F020F903F0A7F994F94400401C44
:1067C00010B9002084F8440094F94500401C10B929
:1067D000002084F8450003F0BEF903A9684602F0E2
:1067E00019F840BB2046FFF76DFFF0B1206838B9BB
:1067F00003F08AF9A06802F0AFF8804603F0ABF925
:1068000004F12400039901F073FE2046FFF795FD83
:1068100000F0E9FF00289BD14FF0805066490860E6
:10682000BFF34F8FBFF36F8F92E72046FFF785FDD1
:1068300000F0D9FF8CE72046FFF77FFD00F0D3FF83
:106840002046FFF73FFF002882D0B8F1000F0BD0A1
:1068500003F05AF92046FFF72BFF06463146A068A1
:1068600002F04FF903F077F9002092E72DE9F041AB
:1068700006460F46344654B900BF502080F31188B5
:10688000BFF34F8FBFF36F8F00BF00BFFEE702F073
:1068900047F8A168884211D1E068401CE060E068D8
:1068A00050B900BF502080F31188BFF34F8FBFF362
:1068B0006F8F00BF00BFFEE7012515E03946204677
:1068C000FFF70DFF05467DB1E068401CE060E06821
:1068D00050B900BF502080F31188BFF34F8FBFF332
:1068E0006F8F00BF00BFFEE72846BDE8F081F8B516
:1068F00005460E46174600246DB1AE420BD8022065
:106900003B460022114600902846FFF76BFC0446E8
:106910006CB1A6630BE054B900BF502080F311881E
:10692000BFF34F8FBFF36F8F00BF00BFFEE720465E
:10693000F8BD70B505460E46002455B1AE4208D8E4
:10694000022200212846FFF7C2FC04466CB1A66370
:106950000BE054B900BF502080F31188BFF34F8F74
:10696000BFF36F8F00BF00BFFEE7204670BD2DE96B
:10697000FC5F80468B4691461E46444634B1BBF1CF
:10698000000F01D1206C08B9012000E0002050B9AF
:1069900000BF502080F31188BFF34F8FBFF36F8F7C
:1069A00000BF00BFFEE74CB1022E02D1E06B012810
:1069B00004D1012003E0000004ED00E0002050B904
:1069C00000BF502080F31188BFF34F8FBFF36F8F4C
:1069D00000BF00BFFEE703F0F2F800BF5021EFF365
:1069E000118081F31188BFF34F8FBFF36F8F00BF0A
:1069F0000546A06BE16B884201D3022E3CD194F98D
:106A00004570A06B0190324659462046FFF7E3FCE3
:106A1000781C88B9606A08B9012000E0002050B9EC
:106A200004F1240001F0C3FD28B1B9F1000F02D038
:106A30000120C9F800001CE000BF01F09FFC00909D
:106A40000098874214D27F2F01D0012000E000205F
:106A500050B900BF502080F31188BFF34F8FBFF3B0
:106A60006F8F00BF00BFFEE7781C40B284F845007E
:106A700000BF4FF0010A01E04FF0000A00BF85F3AC
:106A8000118800BF5046BDE8FC9F2DE9F05F074626
:106A900088463C461CB1206C08B9012000E000206B
:106AA00050B900BF502080F31188BFF34F8FBFF360
:106AB0006F8F00BF00BFFEE72CB1206808B9A06847
:106AC00008B9012000E0002050B900BF502080F339
:106AD0001188BFF34F8FBFF36F8F00BF00BFFEE77A
:106AE00003F06DF800BF5021EFF3118081F311889E
:106AF000BFF34F8FBFF36F8F00BF0546D4F838A0A8
:106B0000E06B504537D994F945600AF10100A06364
:106B1000701C88B9606A08B9012000E0002038BB09
:106B200004F1240001F043FD10B3B8F1000F1FD0B1
:106B30000120C8F800001BE000BF01F01FFC8346E5
:106B40005E4514D27F2E01D0012000E0002050B914
:106B500000BF502080F31188BFF34F8FBFF36F8FBA
:106B600000BF00BFFEE7701C40B284F8450000BFC4
:106B70004FF0010901E04FF0000900BF85F31188D3
:106B800000BF4846BDE8F09F70B504460D46206C36
:106B900070B1216CE0680144E160D4E902108842E0
:106BA00001D32168E1602846226CE16803F092FC81
:106BB00070BD2DE9F74183B005460E464FF0000841
:106BC0002C4654B900BF502080F31188BFF34F8F7B
:106BD000BFF36F8F00BF00BFFEE70EB9206C08B98E
:106BE000012000E0002050B900BF502080F3118840
:106BF000BFF34F8FBFF36F8F00BF00BFFEE701F001
:106C00009FFE08B9059808B9012000E0002050B99E
:106C100000BF502080F31188BFF34F8FBFF36F8FF9
:106C200000BF00BFFEE700BF02F06EFFA76BF7B129
:106C300031462046FFF7A8FF781EA063206908B9F7
:106C4000012000E0002060B904F1100001F0AFFC69
:106C500038B14FF08050FD490860BFF34F8FBFF34C
:106C60006F8F02F078FF012006B0BDE8F081059833
:106C700018B902F070FF0020F6E7B8F1000F04D158
:106C800001A801F0C0FD4FF0010802F064FF00F020
:106C9000B2FE02F039FF94F94400401C10B9002004
:106CA00084F8440094F94500401C10B9002084F891
:106CB000450002F050FF05A901A801F0ABFDF0B9B5
:106CC0002046FFF7FFFCA0B104F12400059901F074
:106CD0000FFC2046FFF731FB00F085FD0028A3D113
:106CE0004FF08050D9490860BFF34F8FBFF36F8FCB
:106CF0009AE72046FFF721FB00F075FD94E7204658
:106D0000FFF71BFB00F06FFD2046FFF7DBFC0028C0
:106D10008AD00020A8E72DE9F74382B005460E4649
:106D20004FF000082C4624B10EB9206C08B90120A0
:106D300000E0002050B900BF502080F31188BFF35D
:106D40004F8FBFF36F8F00BF00BFFEE701F0F8FD6C
:106D500008B9049808B9012000E0002050B900BF2C
:106D6000502080F31188BFF34F8FBFF36F8F00BFA8
:106D700000BFFEE700BF02F0C7FED4F83890B9F1BB
:106D8000000F1ED0E76831462046FFF7FDFEE760A2
:106D9000606A08B9012000E0002060B904F1240015
:106DA00001F005FC38B14FF08050A8490860BFF3EE
:106DB0004F8FBFF36F8F02F0CEFE012005B0BDE80C
:106DC000F083049818B902F0C6FE0020F6E7B8F187
:106DD000000F04D1684601F016FD4FF0010802F0E3
:106DE000BAFE00F008FE02F08FFE94F94400401C49
:106DF00010B9002084F8440094F94500401C10B9F3
:106E0000002084F8450002F0A6FE04A9684601F0BF
:106E100001FDF0B92046FFF755FCA0B104F12400B4
:106E2000049901F065FB2046FFF787FA00F0DBFCD0
:106E30000028A0D14FF0805084490860BFF34F8FE5
:106E4000BFF36F8F97E72046FFF777FA00F0CBFC90
:106E500091E72046FFF771FA00F0C5FC2046FFF7E6
:106E600031FC002887D00020A8E72DE9F84F07461D
:106E70008A4690463C4654B900BF502080F31188A2
:106E8000BFF34F8FBFF36F8F00BF00BFFEE7BAF1B4
:106E9000000F01D1206C08B9012000E0002050B99A
:106EA00000BF502080F31188BFF34F8FBFF36F8F67
:106EB00000BF00BFFEE702F082FE00BF5021EFF3EB
:106EC000118081F31188BFF34F8FBFF36F8F00BF25
:106ED0000546D4F838B0BBF1000F3CD094F94460BB
:106EE00051462046FFF750FEABF10100A063701C35
:106EF00088B9206908B9012000E0002040BB04F1F6
:106F0000100001F054FB18B3B8F1000F20D001209D
:106F1000C8F800001CE000BF01F030FA00900098B3
:106F2000864214D27F2E01D0012000E0002050B90B
:106F300000BF502080F31188BFF34F8FBFF36F8FD6
:106F400000BF00BFFEE7701C40B284F8440000BFE1
:106F50004FF0010901E04FF0000900BF85F31188EF
:106F600000BF4846BDE8F88F2DE9F0470646884641
:106F7000344634B1B8F1000F01D1206C08B90120BA
:106F800000E0002050B900BF502080F31188BFF30B
:106F90004F8FBFF36F8F00BF00BFFEE71CB1206CA7
:106FA00008B1012000E0002050B900BF502080F35C
:106FB0001188BFF34F8FBFF36F8F00BF00BFFEE795
:106FC00002F0FDFD00BF5021EFF3118081F3118825
:106FD000BFF34F8FBFF36F8F00BF0546A06B48B163
:106FE000D4F80C9041462046FFF7CEFDC4F80C9033
:106FF000012700E0002700BF85F3118800BF384655
:10700000BDE8F08770B5044654B900BF502080F346
:107010001188BFF34F8FBFF36F8F00BF00BFFEE734
:1070200002F072FDA56B02F096FD284670BD70B5AA
:107030000446254665B900BF502080F31188BFF390
:107040004F8FBFF36F8F00BF00BFFEE704ED00E07E
:1070500002F05AFDD5E90E10461A02F07CFD3046CA
:1070600070BD10B501460A4652B900BF502383F3E4
:107070001188BFF34F8FBFF36F8F00BF00BFFEE7D4
:10708000906B10BD70B50446254655B900BF502021
:1070900080F31188BFF34F8FBFF36F8F00BF00BF26
:1070A000FEE795F8460010B9284602F087FB70BD50
:1070B0000146086C70470146C86B704710B5014621
:1070C0000A4652B900BF502383F31188BFF34F8F94
:1070D000BFF36F8F00BF00BFFEE7936B0BB90120BA
:1070E00000E0002010BD10B501460A4652B900BFAD
:1070F000502383F31188BFF34F8FBFF36F8F00BF0F
:1071000000BFFEE7936BD46BA34201D1012000E0E6
:10711000002010BD2DE9F05F82460F4690469B4649
:107120000A9E0C9C4FEA8801A522206B03F049FAC5
:10713000A8F10100216B01EB800929F0070909F092
:10714000070008B9012000E0002050B900BF50201E
:1071500080F31188BFF34F8FBFF36F8F00BF00BF65
:10716000FEE77FB1002507E0795D04F13400415569
:10717000785D00B902E06D1C102DF5D300BF002131
:1071800043200155052E01D2012000E0002050B916
:1071900000BF502080F31188BFF34F8FBFF36F8F74
:1071A00000BF00BFFEE7052E00D30426E66266643A
:1071B000201DFEF75CFF04F11800FEF758FF246164
:1071C000C6F10500A06164625A465146484602F085
:1071D000FBFB20602068A9EB0000B8EBA00F01D9F1
:1071E000012000E0002050B900BF502080F311883A
:1071F000BFF34F8FBFF36F8F00BF00BFFEE70B9849
:1072000008B10B980460BDE8F09F2DE9FF4F85B0F1
:10721000074688469146DDE9144BDDE912A60EB11A
:10722000012000E0002050B900BF502080F31188F9
:10723000BFF34F8FBFF36F8F00BF00BFFEE70CB1EE
:10724000012000E0002050B900BF502080F31188D9
:10725000BFF34F8FBFF36F8F00BF00BFFEE7542017
:1072600004900498542801D1012000E0002050B976
:1072700000BF502080F31188BFF34F8FBFF36F8F93
:1072800000BF00BFFEE700BFB4B1AEB12546542138
:10729000284603F0C0F92C462E63022085F85100E1
:1072A0000020CDE900ABCDE902504A4641463846C0
:1072B000089BFFF72FFF00E00025284609B0BDE836
:1072C000F08F10B5002407E004EB8401F74A02EBCD
:1072D0008100FEF7BFFE641C052CF5D3F448FEF7D1
:1072E000B9FEF448FEF7B6FEF348FEF7B3FEF348E6
:1072F000FEF7B0FEF248FEF7ADFEED48F14908603A
:10730000EC48F149086010BD10B5044602F0FCFBE2
:10731000EE480068401CED490860ED48006840B93F
:10732000EB4804600846006801280DD1FFF7C9FF4B
:107330000AE0E848006838B9E5480068C06AE16AD0
:10734000884201D8E2480460E3480068401CE249F2
:10735000086000BF00BFE149E06A0968884202D9BD
:10736000DE49E06A086000BF00BFE16A01EB81010D
:10737000CE4A02EB81014868A0608268E260211D6C
:10738000826851608160E16A01EB8101C74A02EBCA
:1073900081026261E16A01EB8101C44A52F8211065
:1073A000491CE26A02EB8202C04B43F8221000BF84
:1073B00000BF02F0D0FBC748006878B100BFC448E6
:1073C0000068C06AE16A884207D24FF08050C44921
:1073D0000860BFF34F8FBFF36F8F00BF10BD2DE963
:1073E000F04F85B005460E4617469846DDE90FABCF
:1073F000DDF838900020049004A843463A46314610
:107400008DE8000E03902846FFF7FFFE044614B1F6
:107410002046FFF779FF049805B0BDE8F08F2DE90D
:10742000FF5F0746884616469946DDE90EABB00079
:1074300002F08CF8054675B1542002F087F8044636
:107440002CB15421204603F0E6F8256304E02846D9
:1074500002F0B4F900E0002464B1002084F8510087
:107460004B4632464146CDE900ABCDE902403846B5
:10747000FFF750FE204604B0BDE8F09F2DE9FC5F09
:1074800006460F4690469946DDE90CAB4B46424610
:1074900039463046CDE900ABFFF7C1FF054625B1BF
:1074A0002846FFF731FF012401E04FF0FF3420466A
:1074B000BDE8FC9F10B5044694F8510030B9206B2C
:1074C00002F07CF9204602F079F91AE094F85100B4
:1074D000012803D1204602F071F912E094F851001E
:1074E000022801D1012000E0002050B900BF502047
:1074F00080F31188BFF34F8FBFF36F8F00BF00BFC2
:10750000FEE710BD6F480068006808B9012000E080
:10751000002020B14FF0FF307249086005E0694853
:107520000068C06800686F49086070472DE9F04145
:107530000546002602F0E8FA15B96548006800E043
:10754000284604460CB1012000E0002050B900BFDD
:10755000502080F31188BFF34F8FBFF36F8F00BFB0
:1075600000BFFEE7201DFEF7ABFDA06A18B104F1D5
:107570001800FEF7A5FD58480068401C56490860F1
:1075800053480068844201D1012000E000200746F2
:107590005048006858B157B1211D4848FEF76AFDB0
:1075A00051480068401C50490860012606E04748E1
:1075B0000068401E45490860FFF7A4FF02F0CBFABF
:1075C000012E02D02046FFF775FF42480068E8B15F
:1075D0003F480068844219D14448006808B9012036
:1075E00000E0002050B900BF502080F31188BFF3A5
:1075F0004F8FBFF36F8F00BF00BFFEE74FF080508B
:1076000037490860BFF34F8FBFF36F8FBDE8F0813C
:107610002DE9F0414FF000083448006800286BD194
:1076200033480068451C324805601DBB00BF254833
:107630000068006808B9012000E0002050B900BFD0
:10764000502080F31188BFF34F8FBFF36F8F00BFBF
:1076500000BFFEE71B4807681B480068194908601F
:107660001948076023480068401C22490860FFF75A
:1076700049FF00BF1B48006885427DD300BF114809
:107680000068006808B9012000E0002020B14FF038
:10769000FF301449086097E00A480068C068C46871
:1076A0006668B54229D20F4806608DE07805002053
:1076B000DC050020F005002004060020180600204C
:1076C0002C060020D4020020D8020020E002002076
:1076D000D0020020EC020020FC020020E802002082
:1076E00004ED00E000030020DC0200200C03002079
:1076F000E4020020F80200206DE000BF6069D4E9D8
:1077000002128A60D4E902214A60211D42688A423D
:1077100001D1E1684160002262610168491E016097
:1077200000BFA06AA0B100BFA06AD4E907128A60B6
:10773000D4E907214A6004F1180142688A4201D164
:10774000216A41600022A2620168491E016000BFF7
:1077500000BF00BFF849E06A0968884202D9F649CB
:10776000E06A086000BF00BFE16A01EB8101F34AF3
:1077700002EB8101486800E027E0A0608268E260D7
:10778000211D826851608160E16A01EB8101EB4A51
:1077900002EB81026261E16A01EB8101E74A52F882
:1077A0002110491CE26A02EB8202E44B43F82210EA
:1077B00000BF00BFE249E06A0968C96A88427FF6F3
:1077C0005EAF4FF001085AE700BFDE48006808B11D
:1077D0004FF0010804E0DC480068401CDA4908600A
:1077E0004046BDE8F0812DE9F0410024002602F07A
:1077F0008BF90027D548006808B1012000E000207F
:1078000050B900BF502080F31188BFF34F8FBFF3F2
:107810006F8F00BF00BFFEE7CC480068401ECB4919
:1078200008600846006800287ED1C9480068002822
:107830007AD064E0C748C068C46800BFA06AD4E9D1
:1078400007128A60D4E907214A6004F118014268EE
:107850008A4201D1216A41600022A2620168491E68
:10786000016000BF00BF6069D4E902128A60D4E9F8
:1078700002214A60211D42688A4201D1E1684160CB
:10788000002262610168491E016000BF00BF00BFA5
:10789000A949E06A0968884202D9A749E06A0860F4
:1078A00000BF00BFE16A01EB8101A44A02EB810144
:1078B0004868A0608268E260211D82685160816032
:1078C000E16A01EB81019D4A02EB81026261E16A9A
:1078D00001EB8101994A52F82110491CE26A02EB3E
:1078E0008202964B43F8221000BF00BF9449E06A21
:1078F0000968C96A884202D90120924908609548FE
:10790000006808B9012000E00020002892D00CB1E6
:10791000FFF7F8FD8C48056875B100BFFFF778FEEA
:1079200020B10120874900E015E008606D1E002DA0
:10793000F4D10020844908608248006858B10126CB
:1079400000BF7F480068300783490860BFF34F8F4E
:10795000BFF36F8F00BF02F0FEF83046BDE8F08144
:107960002DE9F04705460E467C4807687C48D0F86C
:1079700000807C48D0F8009071480068001DFEF738
:107980009FFB681CE0B9DEB100BF774948686C49CD
:10799000096888606A4982680968CA606849096834
:1079A000091D8268516066490968091D81606E4A37
:1079B000634909684A6111460968491C116018E069
:1079C0007C195F4800684460BC4206D25C4801688C
:1079D000091D4846FEF75AFB0BE059480168091D8E
:1079E0004046FEF753FB61480068844201D25F487D
:1079F0000460BDE8F08755480068401C53490860A2
:107A000070472DE9F04704460F464FF0000954B97E
:107A100000BF502080F31188BFF34F8FBFF36F8FEB
:107A200000BF00BFFEE70FB1012000E0002050B909
:107A300000BF502080F31188BFF34F8FBFF36F8FCB
:107A400000BF00BFFEE7FFF7D6FF444806683F4887
:107A50000068012800D100E0002050B900BF50208C
:107A600080F31188BFF34F8FBFF36F8F00BF00BF4C
:107A7000FEE72068C5192068B04207D92068A842EF
:107A80000BD9B54209D94FF0010906E02068A84298
:107A900001D8B54201D94FF001092560B9F1000FB5
:107AA00003D0A81B0021FFF75BFFFFF79CFE804679
:107AB000B8F1000F07D14FF0805027490860BFF39D
:107AC0004F8FBFF36F8F4846BDE8F08770B504460F
:107AD0000025D4B1FFF78FFF1C480068012800D1B2
:107AE00000E0002050B900BF502080F31188BFF3A0
:107AF0004F8FBFF36F8F00BF00BFFEE7002120460E
:107B0000FFF72EFFFFF76FFE05463DB94FF080509F
:107B100011490860BFF34F8FBFF36F8F70BD70B511
:107B2000044601F0F1FF14B90548006800E0204662
:107B30000546EDB101201CE0E80200207805002098
:107B4000D0020020F4020020F00200200C030020EC
:107B5000E00200200406002004ED00E0E402002022
:107B6000D4020020D80200202C06002000030020B0
:107B7000002050B900BF502080F31188BFF34F8F11
:107B8000BFF36F8F00BF00BFFEE7EE6A01F0E3FFB7
:107B9000304670BD2DE9F041054602F010F800BFF7
:107BA0005021EFF3118081F31188BFF34F8FBFF3A2
:107BB0006F8F00BF044615B9F848006800E02846FA
:107BC00006460EB1012000E0002050B900BF502051
:107BD00080F31188BFF34F8FBFF36F8F00BF00BFDB
:107BE000FEE7F76A00BF84F3118800BF3846BDE89E
:107BF000F08170B5044601F087FF14B9E7480068CA
:107C000000E0204605460DB1012000E0002050B9FB
:107C100000BF502080F31188BFF34F8FBFF36F8FE9
:107C200000BF00BFFEE76E6C01F095FF304670BDEF
:107C30002DE9F041054601F0C2FF00BF5021EFF3EE
:107C4000118081F31188BFF34F8FBFF36F8F00BF97
:107C5000044615B9D148006800E0284606460EB132
:107C6000012000E0002050B900BF502080F31188AF
:107C7000BFF34F8FBFF36F8F00BF00BFFEE7776C7E
:107C800000BF84F3118800BF3846BDE8F0812DE9BC
:107C9000F04707460D464FF00009052D01D201209F
:107CA00000E0002050B900BF502080F31188BFF3DE
:107CB0004F8FBFF36F8F00BF00BFFEE7052D00D3CE
:107CC000042501F021FF17B9B448006800E03846E8
:107CD00004460CB1012000E0002050B900BF502044
:107CE00080F31188BFF34F8FBFF36F8F00BF00BFCA
:107CF000FEE7666CAE4276D0B5420BD9A748006865
:107D0000844211D0A5480068C06AA8420CD24FF046
:107D1000010909E0A1480068844201D1012000E086
:107D20000020012800D18146D4F82C80E16A606CE3
:107D3000884202D0E06AA84200D2E5626564A06988
:107D400000F0004010B9C5F10500A06108EB880102
:107D5000934A02EB81016069884201D1012000E071
:107D6000002090B3201DFEF7ABF900BF00BF8D4986
:107D7000E06A0968884202D98A49E06A086000BF5F
:107D800000BFE16A01EB8101854A02EB810148688D
:107D9000A0608268E260211D826851608160E16AB2
:107DA00001EB81017E4A02EB81026261E16A01EB33
:107DB00081017B4A52F82110491CE26A02EB8202DF
:107DC000774B43F8221000BF00BFB9F1000F09D074
:107DD00000BF4FF0805074490860BFF34F8FBFF36E
:107DE0006F8F00BF00BF01F0B6FEBDE8F08770B531
:107DF0006E48006818B101206D49086061E00020FC
:107E00006B49086000BF65480068046B4FF0A536F9
:107E100062480068006861490968096B88420FD9A7
:107E20002068B0F1A53F0BD16068B0F1A53F07D144
:107E3000A068B0F1A53F03D1E068B0F1A53F09D03B
:107E40005648006800F13405294654480068F9F79F
:107E50007DFC00BF00BF00BF524801680CE051B973
:107E600000BF502080F31188BFF34F8FBFF36F8F97
:107E700000BF00BFFEE7491E01EB8100484A52F8EF
:107E8000200008B9012000E000200028E7D100BF51
:107E900001EB8102424B03EB820042685268426070
:107EA00000F108024368934201D1C268426042680F
:107EB000D2683A4B1A6000BF3A48016000BF1846CA
:107EC000006870BD70B5054601F01EFE15B9334857
:107ED000006800E0284604460CB1012000E00020C4
:107EE00050B900BF502080F31188BFF34F8FBFF30C
:107EF0006F8F00BF00BFFEE7201DFEF7E1F8A06A0C
:107F000018B104F11800FEF7DBF8211D2948FEF72F
:107F1000B1F8002009E004F15001095C012903D106
:107F2000002204F150010A54401C0128F3DB01F047
:107F300012FE2148006828B101F0E6FDFFF7E2FAE1
:107F400001F009FE1548006884423BD11A480068D8
:107F5000D0B11648006808B9012000E0002050B9EF
:107F600000BF502080F31188BFF34F8FBFF36F8F96
:107F700000BF00BFFEE74FF080500B490860BFF321
:107F80004F8FBFF36F8F1DE00A4806680B480068EB
:107F9000864215D100200149086013E0D00200207C
:107FA00078050020E802002004ED00E00C0300202A
:107FB000F40200202C060020EC020020E002002049
:107FC000FFF715FF70BD10B502460023114652B9E8
:107FD00000BF502080F31188BFF34F8FBFF36F8F26
:107FE00000BF00BFFEE7F74C4869A04201D1012065
:107FF00000E00020E0B1F44C886AA04201D10120E9
:1080000000E00020A0B9886A08B9012000E0002043
:1080100070B10123002007E001F15004245C012C21
:1080200001D1002302E0401C0128F5DB00BF00BFA6
:10803000184610BD70B505462C4655B900BF5020F6
:1080400080F31188BFF34F8FBFF36F8F00BF00BF66
:10805000FEE7DE48006884424DD0002C4BD001F092
:1080600053FD2046FFF7AFFF002842D0201DFEF74A
:1080700027F800BF00BFD649E06A0968884202D9E4
:10808000D349E06A086000BF00BFE16A01EB8101EB
:10809000D04A02EB81014868A0608268E260211D3D
:1080A000826851608160E16A01EB8101C94A02EB9B
:1080B00081026261E16A01EB8101C64A52F8211036
:1080C000491CE26A02EB8202C24B43F8221000BF55
:1080D00000BF00BFBD480068C06AE16A884207D29D
:1080E0004FF08050BC490860BFF34F8FBFF36F8FD4
:1080F00000BF01F030FD70BD2DE9F04106460027BC
:10810000344656B900BF502080F31188BFF34F8F1B
:10811000BFF36F8F00BF00BFFEE701F050FD00BF4F
:108120005020EFF3118180F31188BFF34F8FBFF31D
:108130006F8F00BF0D462046FFF745FF002845D052
:10814000A648006800283CD1A049E06A0968C96ACD
:10815000884203D901270120A1490860201DFDF7AD
:10816000AFFF00BF00BF9A49E06A0968884202D9A0
:108170009749E06A086000BF00BFE16A01EB810136
:10818000944A02EB81014868A0608268E260211D88
:10819000826851608160E16A01EB81018D4A02EBE6
:1081A00081026261E16A01EB81018A4A52F8211081
:1081B000491CE26A02EB8202864B43F8221000BFA0
:1081C00004E004F118018048FDF754FF00BF85F377
:1081D000118800BF3846BDE8F081824B0360824BB6
:1081E0000B6080231360704710B516E001F08CFC23
:1081F0007E48C068C468201DFDF762FF7C480068A7
:10820000401E7B4908607B480068401E7949086031
:1082100001F0A1FC2046FFF74DF9764800680028E0
:10822000E4D110BD00BFFFF7DFFF6A4800680128F6
:10823000F9D94FF0805068490860BFF34F8FBFF302
:108240006F8FF0E7F0B58BB0012600200790089003
:1082500009900A900027002408E067A0005D07A9A4
:10826000085507A8005D00B902E0641C0F2CF4D388
:1082700000BF002007A90855002522E0604F00201C
:108280000690059004AA05A906A8FFF7A6FF0022FC
:10829000DDE905101346CDE90021029007A9384613
:1082A000049AFFF79CF8574941F82500084650F812
:1082B000250008B1012600E00026012E00D002E0D2
:1082C0006D1C012DDADB00BF30460BB0F0BD10B5E0
:1082D000FFF7B8FF0446012C15D100BF502080F3F2
:1082E0001188BFF34F8FBFF36F8F00BF4FF0FF3088
:1082F000454908600120454908600020444908605C
:1083000001F07BFB10E0601C08B1012000E00020C0
:1083100050B900BF502080F31188BFF34F8FBFF3D7
:108320006F8F00BF00BFFEE73A48006810BD10B570
:10833000002405E0334951F82400FFF7F7F8641CE6
:10834000012CF7DBFFF750FF00BF502080F31188AE
:10835000BFF34F8FBFF36F8F00BF00202B49086022
:1083600001F0BDFB10BD2A490868704770B501F0E7
:1083700026FC002526480468204670BD1C4800687D
:108380007047014611B91148006800E008460246EE
:108390000AB1012000E0002050B900BF502080F356
:1083A0001188BFF34F8FBFF36F8F00BF00BFFEE791
:1083B00002F13400704770B504460B460BB101253D
:1083C0002BE029E02C06002004060020D00200202B
:1083D000E80200207805002004ED00E00C030020F6
:1083E000F402002040060020940600201806002019
:1083F000E0020020DC02002049444C45000000005F
:10840000258200080403002000030020EC02002065
:10841000E402002008030020002555B900BF5025C4
:1084200085F31188BFF34F8FBFF36F8F00BF00BF7D
:10843000FEE70AB1012500E0002555B900BF50252F
:1084400085F31188BFF34F8FBFF36F8F00BF00BF5D
:10845000FEE714B9F74D2D6800E02546294609B11D
:10846000012500E0002555B900BF502585F311888E
:10847000BFF34F8FBFF36F8F00BF00BFFEE791F8D0
:108480005150022D04D10D6B1D60116001200AE0D6
:1084900091F85150012D05D10D6B1D60002515601F
:1084A000012000E0002070BD70B50446E24800687D
:1084B00008B9012000E0002050B900BF502080F32F
:1084C0001188BFF34F8FBFF36F8F00BF00BFFEE770
:1084D000FFF791FA01F018FBD84800682044D7490B
:1084E000086001F038FBFFF77EF90546284670BDAD
:1084F00070B504460D4654B900BF502080F3118872
:10850000BFF34F8FBFF36F8F00BF00BFFEE7C948B7
:10851000016818312046FDF7B9FD01212846FFF713
:108520001FFA70BD70B504460D46164654B900BF1B
:10853000502080F31188BFF34F8FBFF36F8F00BFC0
:1085400000BFFEE7BC48006808B1012000E0002041
:1085500050B900BF502080F31188BFF34F8FBFF395
:108560006F8F00BF00BFFEE745F00040B1490968CA
:10857000886100BF6068AF490968C861AD49826819
:1085800009680A62AB490968183182685160A949D3
:10859000096818318160A74909688C622168491C03
:1085A000216000BF01213046FFF7DAF970BD70B5D8
:1085B0000346D868C16851B900BF502080F31188C4
:1085C000BFF34F8FBFF36F8F00BF00BFFEE700BF49
:1085D000886AD1E90745A560D1E90754656001F1D2
:1085E00018044568A54201D10C6A446000258D62DB
:1085F0000468641E046000BF8F480068002843D1EF
:1086000000BF4869D1E90245A560D1E9025465601F
:108610000C1D4568A54201D1CC68446000254D6120
:108620000468641E046000BF00BF00BF844CC86AB9
:108630002468A04202D9824CC86A206000BF00BFF3
:10864000CC6A04EB84047F4D05EB84046068886089
:108650008568CD600C1D85686C608460CC6A04EB15
:108660008404784D05EB84054D61CC6A04EB8404E9
:10867000744D55F82440641CCD6A05EB8505714E98
:1086800046F8254000BF11E000BF6F4C6068C8612C
:1086900085680D6201F1180485686C6084606A4D1C
:1086A0008D622C462468641C2C6000BF614CC86A33
:1086B0002468E46AA04204D901220120634C2060AE
:1086C00000E00022104670BD70B502460B465A49C4
:1086D000096809B1012100E0002151B900BF502112
:1086E00081F31188BFF34F8FBFF36F8F00BF00BFBF
:1086F000FEE743F000411160D06850B900BF50213F
:1087000081F31188BFF34F8FBFF36F8F00BF00BF9E
:10871000FEE700BF1169D2E90154AC60D2E901451E
:108720006C604C68944201D194684C6000241461E0
:108730000C68641E0C6000BF00BF4169D0E90245AF
:10874000A560D0E902546560041D4D68A54201D1C1
:10875000C4684C60002545610C68641E0C6000BF55
:1087600000BF00BF364CC16A2468A14202D9344C14
:10877000C16A216000BF00BFC46A04EB8404314DAC
:1087800005EB8404616881608D68C560041D8D6897
:108790006C608C60C46A04EB84042A4D05EB84058C
:1087A0004561C46A04EB8404264D55F82440641CDA
:1087B000C56A05EB8505234E46F8254000BF00BF7E
:1087C0001C4CC16A2468E46AA14202D901211F4CF1
:1087D000216070BD10B5044654B900BF502080F32D
:1087E0001188BFF34F8FBFF36F8F00BF00BFFEE74D
:1087F00001F08AF916480068206016480068606039
:1088000001F0A9F910BD1249096801601149096810
:108810004160704770B505460C46EDB900BF502069
:1088200080F31188BFF34F8FBFF36F8F00BF00BF7E
:10883000FEE70000D00200200C030020F002002020
:10884000E80200207805002004060020F402002041
:10885000F8020020E402002054B900BF502080F349
:108860001188BFF34F8FBFF36F8F00BF00BFFEE7CC
:1088700001F04AF9F84802686868131A2068401C39
:1088800008B9002619E0F54928680968884206D029
:108890006868904203D80126002020600DE020681F
:1088A000984207D92068C01A20602846FFF7ABFF1E
:1088B000002602E000202060012601F04CF930463D
:1088C00070BD0120E649086070470146002001E0C4
:1088D000491C401C0A78A52AFAD0800870472DE967
:1088E000F041044614B9DF48006800E02046054620
:1088F0000DB1012000E0002050B900BF502080F3EE
:108900001188BFF34F8FBFF36F8F00BF00BFFEE72B
:108910002E6B3046FFF7D9FF07463846BDE8F08199
:10892000D0490868704701460020002903DB01296F
:1089300001DA012200E000220AB1CA4A1068704739
:10894000C949096809B9012005E0C849096809B998
:10895000022000E00020704770B505462C46002636
:10896000002D61D0BF49E06A0968C96A884254D2C3
:10897000A06900F0004028B9BA480068C06AC0F198
:108980000500A061E16A01EB8101B94A02EB8101B6
:108990006069884201D1012000E00020B0B3201DB1
:1089A000FDF78EFBAF480068C06AE06200BF00BF01
:1089B000B049E06A0968884202D9AE49E06A0860B5
:1089C00000BF00BFE16A01EB8101A94A02EB81010E
:1089D0004868A0608268E260211D82685160816001
:1089E000E16A01EB8101A24A02EB81026261E16A64
:1089F00001EB81019E4A52F82110491CE26A02EB08
:108A000082029B4B43F8221000BF04E0FFE7954829
:108A10000068C06AE062012606E09249606C09685D
:108A2000C96A884200D20126304670BD70B505463D
:108A30002C460026002D62D08A480068844201D16D
:108A4000012000E0002050B900BF502080F31188C1
:108A5000BFF34F8FBFF36F8F00BF00BFFEE7A06C67
:108A600050B900BF502080F31188BFF34F8FBFF380
:108A70006F8F00BF00BFFEE7A06C401EA064616C5A
:108A8000E06A88423BD0A06CC8BB201DFDF718FBF4
:108A9000606CE062E06AC0F10500A06100BF00BF49
:108AA0007449E06A0968884202D97249E06A08603C
:108AB00000BF00BFE16A01EB81016D4A02EB810159
:108AC0004868A0608268E260211D82685160816010
:108AD000E16A01EB8101664A02EB81026261E16AAF
:108AE00001EB8101624A52F82110491CE26A02EB53
:108AF00082025F4B43F8221000BF00BF01263046C0
:108B000070BD2DE9F04706460F4634464FF0010987
:108B1000002E74D0A06C50B900BF502080F3118893
:108B2000BFF34F8FBFF36F8F00BF00BFFEE7606CD6
:108B3000B84201D23D4600E0656CE06AA8425ED0D2
:108B4000A06C01285BD147480068844201D0012015
:108B500000E0002050B900BF502080F31188BFF31F
:108B60004F8FBFF36F8F00BF00BFFEE7D4F82C809C
:108B7000E562A06900F0004010B9C5F10500A061F0
:108B800008EB88013A4A02EB81016069884201D111
:108B9000012000E0002090B3201DFDF791FA00BFF6
:108BA00000BF3449E06A0968884202D93149E06A65
:108BB000086000BF00BFE16A01EB81012C4A02EBB3
:108BC00081014868A0608268E260211D826851606E
:108BD0008160E16A01EB8101254A02EB8102626159
:108BE000E16A01EB8101224A52F82110491CE26A34
:108BF00002EB82021E4B43F8221000BF00BFBDE80B
:108C0000F08718490968886916490968C96AC1F175
:108C10000501144A1268916170471249086810B141
:108C2000816C491C816470472DE9F04704468846F1
:108C300016464FF000090CB9012000E00020D8B919
:108C400000BF502080F31188BFF34F8FBFF36F8FA9
:108C500000BF00BFFEE70000E4020020F802002091
:108C6000F4020020D0020020EC0200200C030020BF
:108C700078050020E8020020FC4800684C3050F8DD
:108C8000240040BB3EB3FEF7B6FE00F03DFFF748C0
:108C900000684C3050F8240028B90121F3480068DE
:108CA00050300155894600F056FFB9F1010F03D14C
:108CB00001213046FEF754FEFEF795FD0746B9F157
:108CC000010F08D13FB94FF08050E9490860BFF368
:108CD0004F8FBFF36F8F00F017FFE44800684C30F0
:108CE00050F824507DB1B8F1000F06D00021DF48C4
:108CF00000684C3040F8241005E0681EDB49096824
:108D00004C3141F824000021D8480068503001550A
:108D100000F021FF2846BDE8F0872DE9F05F04460A
:108D2000884691461D46DDF828A04FF0000B0CB98F
:108D3000012000E0002050B900BF502080F31188CE
:108D4000BFF34F8FBFF36F8F00BF00BFFEE7C74871
:108D500000685030005D022833D0BAF1000F30D0E7
:108D6000FEF749FE00F0D0FEC04800685030005DBC
:108D700002280ED0BD4909684C3101EB840001681E
:108D800021EA080101600121B8480068503001550E
:108D90008B4600F0E0FEBBF1010F03D101215046EC
:108DA000FEF7DEFDFEF71FFD0746BBF1010F08D100
:108DB0003FB94FF08050AE490860BFF34F8FBFF30B
:108DC0006F8F00F0A1FE2DB1A84800684C3050F81C
:108DD00024002860A54800685030005D022801D0BA
:108DE000002609E0A14909684C3101EB84000168C3
:108DF00021EA09010160012600219C4800685030E9
:108E0000015500F0A8FE3046BDE8F09F2DE9F05F67
:108E100007460D4616469846DDF828A04FF0010B90
:108E20000DB9012000E0002050B900BF502080F3B0
:108E30001188BFF34F8FBFF36F8F00BF00BFFEE7F6
:108E400057B900BF502080F31188BFF34F8FBFF395
:108E50006F8F00BF00BFFEE73C4600F055FEBAF141
:108E6000000F05D004F14C0050F82500CAF80000AE
:108E700004F1500010F8059002214155B8F1050F9A
:108E800029D2DFE808F027030D171C0004F14C007D
:108E900050F82500304304F14C0141F825002DE045
:108EA00004F14C0050F82500401C04F14C0141F83D
:108EB000250023E004F14C0040F825601EE0B9F1E4
:108EC000020F04D004F14C0040F8256001E04FF09F
:108ED000000B13E012E06748006808B9012000E0C9
:108EE000002050B900BF502080F31188BFF34F8F8E
:108EF000BFF36F8F00BF00BFFEE700BF00BFB9F137
:108F0000010F64D100BF6069D4E902128A60D4E91C
:108F100002214A60211D42688A4201D1E168416014
:108F2000002262610168491E016000BF00BF00BFEE
:108F30005149E06A0968884202D94F49E06A0860ED
:108F400000BF00BFE16A01EB81014C4A02EB8101E5
:108F50004868A0608268E260211D8268516081607B
:108F6000E16A01EB8101454A02EB81026261E16A3B
:108F700001EB8101414A52F82110491CE26A02EBDF
:108F800082023E4B43F8221000BF00BFA06A08B91E
:108F9000012000E0002050B900BF502080F311886C
:108FA000BFF34F8FBFF36F8F00BF00BFFEE700BF5F
:108FB0002E480068C06AE16A884207D24FF08050AC
:108FC0002B490860BFF34F8FBFF36F8F00BF00F0D6
:108FD000C2FD5846BDE8F09F2DE9F84F80460D468A
:108FE00017469946DDF828B001200090B8F1000F2F
:108FF0000AD100BF502080F31188BFF34F8FBFF319
:109000006F8F00BF00BFFEE70DB9012000E0002018
:1090100050B900BF502080F31188BFF34F8FBFF3CA
:109020006F8F00BF00BFFEE700F0C9FD444600BFE0
:109030005021EFF3118081F31188BFF34F8FBFF3FD
:109040006F8F00BF0646BBF1000F05D004F14C0046
:1090500050F82500CBF8000004F1500010F805A0EE
:1090600002214155B9F1050F34D209E0D0020020A8
:1090700004ED00E0E4020020E80200207805002072
:10908000DFE809F027030D171C0004F14C0050F82D
:109090002500384304F14C0141F825002DE004F18E
:1090A0004C0050F82500401C04F14C0141F825000B
:1090B00023E004F14C0040F825701EE0BAF1020FE5
:1090C00004D004F14C0040F8257001E0002000902D
:1090D00013E012E0F948006808B9012000E0002020
:1090E00050B900BF502080F31188BFF34F8FBFF3FA
:1090F0006F8F00BF00BFFEE700BF00BFBAF1010FD6
:1091000078D1A06A08B9012000E0002050B900BF62
:10911000502080F31188BFF34F8FBFF36F8F00BFD4
:1091200000BFFEE7E6480068002843D100BF606941
:10913000D4E902128A60D4E902214A60211D426802
:109140008A4201D1E1684160002262610168491EE2
:10915000016000BF00BF00BFDA49E06A09688842C9
:1091600002D9D849E06A086000BF00BFE16A01EB9C
:109170008101D54A02EB81014868A0608268E26003
:10918000211D826851608160E16A01EB8101CE4A54
:1091900002EB81026261E16A01EB8101CA4A52F885
:1091A0002110491CE26A02EB8202C74B43F82210ED
:1091B00000BF11E000BFC5494868E06182682262D3
:1091C00004F11801826851608160C04AA2621146B0
:1091D0000968491C116000BFBD49E06A0968C96A95
:1091E000884207D90B9810B101210B98016001202A
:1091F000B849086000BF86F3118800BF0098BDE839
:10920000F88F2DE9F04705460E46904655B900BF48
:10921000502080F31188BFF34F8FBFF36F8F00BFD3
:1092200000BFFEE70EB9012000E0002050B900BFEA
:10923000502080F31188BFF34F8FBFF36F8F00BFB3
:1092400000BFFEE700F0BBFC2C4600BF5021EFF34F
:10925000118081F31188BFF34F8FBFF36F8F00BF71
:10926000074604F1500010F8069002218155001FB6
:1092700050F82600401C04F14C0141F82600B9F1D9
:10928000010F79D1A06A08B9012000E0002050B98F
:1092900000BF502080F31188BFF34F8FBFF36F8F53
:1092A00000BF00BFFEE786480068002843D100BF2A
:1092B0006069D4E902128A60D4E902214A60211D62
:1092C00042688A4201D1E16841600022626101681E
:1092D000491E016000BF00BF00BF7A49E06A09680B
:1092E000884202D97749E06A086000BF00BFE16A9E
:1092F00001EB8101744A02EB81014868A060826839
:10930000E260211D826851608160E16A01EB8101A8
:109310006D4A02EB81026261E16A01EB81016A4AF6
:1093200052F82110491CE26A02EB8202664B43F8B4
:10933000221000BF11E000BF64494868E061826804
:10934000226204F118018268516081605F4AA26262
:1093500011460968491C116000BF5D49E06A09684F
:10936000C96A884208D9B8F1000F02D00120C8F8B4
:10937000000001205749086000BF87F3118800BF33
:10938000BDE8F0872DE9F04107460C460CB90120F5
:1093900000E0002050B900BF502080F31188BFF3D7
:1093A0004F8FBFF36F8F00BF00BFFEE717B948486C
:1093B000006800E0384605460DB1012000E00020BD
:1093C00050B900BF502080F31188BFF34F8FBFF317
:1093D0006F8F00BF00BFFEE700F096FB05F1500065
:1093E000005D022805D1002105F15000015501263C
:1093F00000E0002600F0AFFB3046BDE8F0812DE92B
:10940000F04106460C4617460CB9012000E000204A
:1094100050B900BF502080F31188BFF34F8FBFF3C6
:109420006F8F00BF00BFFEE716B92948006800E053
:10943000304605460DB1012000E0002050B900BFC4
:10944000502080F31188BFF34F8FBFF36F8F00BFA1
:1094500000BFFEE700F058FB05F14C0050F82480F7
:1094600050F82400B84305F14C0141F8240000F005
:1094700072FB4046BDE8F0810021154A1160164A92
:109480001160164A11600D4A11600E4A1160144AAB
:109490001160144A1160002004E000210D4A42F8D6
:1094A0002010401C0128F8DB00210F4A11600F4AF0
:1094B00011600F4A1160024A11607047E4020020F7
:1094C0000C030020E802002078050020040600209C
:1094D000D0020020F4020020DC020020E002002084
:1094E000EC020020F0020020F8020020FC02002024
:1094F0000003002030B54FF44053F64800F0070455
:109500002CB1C01D20F00700F24C041B1B1BF24CB9
:1095100020600024F04D6C60C218083A22F0070267
:10952000EE4C22600024ED4D2D686C60EB4D2D68F3
:109530002C600146541A4C60E84C24680C60E84DDD
:109540004C682C60E74D4C682C6030BD2DE9F0472D
:1095500005464FF00008C246DDB115F1090F01D9EB
:10956000012000E0002098B9083505F0070080B11F
:1095700005F00700C0F10809C9F1FF30A84201D287
:10958000012000E0002008B94D4402E0002500E081
:109590000025FEF730FAD148006808B9FFF7AAFFA6
:1095A000012000EBE570002877D0002DFCD0CD48DD
:1095B0000068854271D8C84E30460468C548844268
:1095C00004D3C948844201D8012000E0002050B9EA
:1095D00000BF502080F31188BFF34F8FBFF36F8F10
:1095E00000BF00BFFEE716E026462468B948844263
:1095F00004D3BD48844201D8012000E0002050B9C6
:1096000000BF502080F31188BFF34F8FBFF36F8FDF
:1096100000BF00BFFEE76068A84202D220680028B1
:10962000E2D1AE480068844269D0306800F1080891
:10963000A848804504D3AC48804501D8012000E00B
:10964000002050B900BF502080F31188BFF34F8F26
:10965000BFF36F8F00BF00BFFEE720683060606817
:10966000A84201D2012000E0002080F0010050B9A2
:1096700000BF502080F31188BFF34F8FBFF36F8F6F
:1096800000BF00BFFEE76068401B10281AD96719A9
:1096900007F0070010B9012001E030E0002050B9C8
:1096A00000BF502080F31188BFF34F8FBFF36F8F3F
:1096B00000BF00BFFEE76068401B786065603068EF
:1096C00038603760874960680968081A854908600A
:1096D0000846006882490968884203D281480068C8
:1096E0007F490860D4F804A0606840F000406060E2
:1096F000002020607D480068401C7C490860FEF71F
:1097000072F808F0070008B9012000E0002050B905
:1097100000BF502080F31188BFF34F8FBFF36F8FCE
:1097200000BF00BFFEE74046BDE8F08710B5014628
:10973000694800E0006803688B42FBD3664B98429F
:1097400014D0644B984204D3674B984201D801234C
:1097500000E0002353B900BF502383F31188BFF307
:109760004F8FBFF36F8F00BF00BFFEE70246436815
:1097700013448B4204D143684C6823444360014640
:109780000A464B6813440468A34211D1534C036842
:109790002468A34208D04B680468646823444B6083
:1097A00003681B680B6005E04C4B1B680B6001E015
:1097B00003680B60884200D0016010BD70B506469A
:1097C0003546002E5ED0083D2C464248844204D3E4
:1097D0004548844201D8012000E0002050B900BF74
:1097E000502080F31188BFF34F8FBFF36F8F00BFFE
:1097F00000BFFEE76068C00F50B900BF502080F383
:109800001188BFF34F8FBFF36F8F00BF00BFFEE71C
:10981000206808B9012000E0002050B900BF5020A6
:1098200080F31188BFF34F8FBFF36F8F00BF00BF6E
:10983000FEE76068C00F28B3206818BB606820F09E
:10984000004060606068082801D2012000E000202C
:1098500030B96068A0F1080105F1080000F0B9FE18
:10986000FEF7C9F81F496068096808441D49086087
:109870002046FFF75BFF1E480068401C1C4908603B
:10988000FDF7B1FF70BD17480068704714480068C5
:10989000704714480068124908607047704770B5F7
:1098A00004460D46002634B1701EB0FBF4F0A84209
:1098B00001D2012000E0002050B904FB05F0FFF7C1
:1098C00045FE064626B104FB05F1304600F081FE58
:1098D000304670BD940800201003002018030020BB
:1098E000200300201C0300209338002024030020C4
:1098F000280300202DE9F04104464FF0000800261F
:10990000771EFEF778F81B4805687DB10AE008F17C
:1099100001086868B04200D96E686868B84200D231
:109920006F682D68144800688542F0D1FDF75BFF31
:109930006660A760C4F80C8000F0E6F80F48006885
:1099400020600F48006860610E480068A0610E4802
:109950000068206100F0FFF8BDE8F08100200649B2
:10996000086006490860084908600549086005491B
:109970000860704710030020180300201C0300201B
:10998000240300202803002020030020A7480068AB
:10999000401C08B9012000E0002050B900BF502051
:1099A00080F31188BFF34F8FBFF36F8F00BF00BFED
:1099B000FEE700BF502080F31188BFF34F8FBFF345
:1099C0006F8F00BF00BFFEE7001F4FF08073036082
:1099D000001F21F001030360001F954B0360143842
:1099E00002602038704700204FF0E0210861886154
:1099F000904848610720086170470EB5002001902B
:109A00008D49084600780290FF200A4610700846EB
:109A1000007800909DF8000000F05000874A107018
:109A20001046007850B900BF502080F31188BFF372
:109A30004F8FBFF36F8F00BF00BFFEE79DF8002080
:109A40005020904308B9012000E0002050B900BF29
:109A5000502080F31188BFF34F8FBFF36F8F00BF8B
:109A600000BFFEE707E00198401C01909DF8000050
:109A70004006000E00909DF8000000F08000802855
:109A8000F1D00198082803D100206D4A106004E04D
:109A90000198C0F107006A4A106069480068000236
:109AA000674A10601046008800F4E06010609DF87E
:109AB0000800614A10706348006840F47F00614903
:109AC00008600846006840F07F400860FFF78BFFA1
:109AD000002056490860F6F7E3FB00200EBD53480E
:109AE0000068B0F57A7F01D1012000E0002050B974
:109AF00000BF502080F31188BFF34F8FBFF36F8FEB
:109B000000BF00BFFEE7704700BF502080F3118800
:109B1000BFF34F8FBFF36F8F00BF44480068401CF6
:109B20004249086008460068012813D145481C389E
:109B30000068C0B208B9012000E0002050B900BFA1
:109B4000502080F31188BFF34F8FBFF36F8F00BF9A
:109B500000BFFEE770473548006850B900BF50208D
:109B600080F31188BFF34F8FBFF36F8F00BF00BF2B
:109B7000FEE72E480068401E2C4908600846006831
:109B800020B9002080F3118800BF00BF704710B5D6
:109B900000BF502080F31188BFF34F8FBFF36F8F4A
:109BA00000BFFDF735FD20B14FF0805025491C392D
:109BB000086000BF002080F3118800BF10BD70B5A1
:109BC000F6F7A4FB0446102C16D304F1E02090F81D
:109BD000F0531A480078854201DB012000E00020A4
:109BE00050B900BF502080F31188BFF34F8FBFF3EF
:109BF0006F8F00BF00BFFEE712481438006800F402
:109C0000E0600F490968884201D8012000E0002087
:109C100050B900BF502080F31188BFF34F8FBFF3BE
:109C20006F8F00BF00BFFEE770BD00002C03002057
:109C30008D9900083F19010000E400E03003002086
:109C40003403002020ED00E070B5064600F016FD5C
:109C5000056806F10B0020F00704B4429CBF002009
:109C600070BD2B466A68BAB11068A04210D304F1E7
:109C7000080188423CBF5068586007D351681019EA
:109C800041601168091B016058601460101D70BDAF
:109C900013465268002AE7D12146284600F0F6FC18
:109CA0000028DED170BD70B50446051F00F0E6FC4B
:109CB0000068002C14BF446870BD002C18BFAC4273
:109CC0003CBF20466468F8D301680A18AA4218BF4E
:109CD000456003D12A68054611440160286841198E
:109CE000A1421CBF6C6070BD616869602168084456
:109CF000286070BD10B5044600F0B8FC0068005D37
:109D0000C00602D504F1200010BD204610BD0000A1
:109D10007CB51D4616460C00009001D02044401E24
:109D2000074B7B442A4669460190304600F097FF76
:109D300005461CB10020694600F0A4FF28467CBD02
:109D4000690F00000FB41CB5084B06AA7B44694696
:109D50000090059800F083FF04460020694600F05B
:109D600091FF20461CBC5DF814FB0000350F00007D
:109D70000FB47CB50C0009AA009001D02044401E0D
:109D8000084B7B4469460190089800F068FF05463F
:109D90001CB10020694600F075FF28467CBC5DF8C8
:109DA00014FB0000090F000070B5044685690068C7
:109DB000C10601D5302600E02026C00707D070BDBF
:109DC000D4E9012130469047206A401C20626D1E74
:109DD000F6D570BD70B5044685690078C00707D117
:109DE00070BDD4E9012120209047206A401C2062E8
:109DF0006D1EF6D570BD70B50C460546012A05D01E
:109E00002878800600D5EA69002302E0012305E0F6
:109E10005B1C934202D2E05C0028F9D1A869E618E5
:109E2000C01AA861286A184428622846FFF7BCFFB8
:109E300004E0D5E9012114F8010B9047B442F8D3AE
:109E40002846FFF7C7FF70BD2DE9F0410646002404
:109E500010687529314616A510D000F06CFC00285A
:109E600002DA404213A507E031688A0701D512A53E
:109E700002E0490704D511A5012401E000F064FCCB
:109E800000210A2206F1240709E0B0FBF2FCB0FB36
:109E9000F2F302FB1C00303078541846491C0028AD
:109EA000F3D123462A463046BDE8F04100F055BCC8
:109EB000000000002D0000002B000000200000002A
:109EC000F0B40D460188090502D5214C7C4402E01E
:109ED0001F4C7C440E34002100F1240608E002F0FF
:109EE0000F071209E75D42EA03721B097754491C08
:109EF00052EA0307F3D102780023120704D5702D2C
:109F000006D009B1022311342246F0BC00F025BC72
:109F100001231034F8E770B504460D462146106859
:109F200000F012FC024629462046BDE8704000239E
:109F3000C6E7D21D22F00703D3E90023C0E7036878
:109F4000126843F0200303600823C3610023B7E7CE
:109F5000714200002DE9F05F894604464FF0000A87
:109F6000DFF874B1FB44C0F820A02046E1688847C0
:109F7000002874D0252806D0D4E901219047206A12
:109F8000401C2062F1E700265F462046E1688847D2
:109F90002028054607DB312D05D2781910F8200C52
:109FA00008B10643F1E7B00701D526F00406C4F86E
:109FB0001CA00027C4F818A02A2D09D0284601F0BB
:109FC000CFFF38B304EB8708303DC8F8185019E0CC
:109FD00059F8041B204604EB87029161E168884729
:109FE000012F054618D1E069002820DA26F0200666
:109FF0001DE0D8F8180000EB800005EB4000303879
:10A00000C8F818002046E1688847054601F0A8FF17
:10A010000028EED1012F0AD02E2D08D12046E1686C
:10A0200088477F1C0546022F46F02006C4DBA06946
:10A03000002803DA404246F00106A061F00701D093
:10A0400026F010066C2D0BD0682D09D04C2D39D080
:10A050006A2D35D0742D35D07A2D33D016E038E006
:10A06000E1682F4620468847B842054609D16C2F43
:10A0700026D04FF48060E1680643204688470546B5
:10A0800004E06C2F1AD04FF4807006430DB3A5F195
:10A090004100192802D8203546F400664A46294670
:10A0A000204626604E46F6F77BF880B101280BD09B
:10A0B000F61D26F0070000F1080956E74020E4E706
:10A0C0008020D8E70020D6E706F104094DE72846AE
:10A0D00052E7206ABDE8F09F014200000FB400B5CE
:10A0E0008DB010A9099000910B904FF0FF300A90AD
:10A0F00000200C90064878440690064878446A464A
:10A1000007900F9909A800F0C9FE0DB05DF814FB87
:10A11000C30D0000DB0D00002DE9FF5F1D464FF071
:10A12000FF3B91464FF000085F46D5E90146A9691B
:10A1300001987F1C8847296A824688470028F6D103
:10A14000BAF1FF3F0CD0002E24F4C06419DD600684
:10A1500014D5BAF12B0F09D0BAF12D0F0ED103E0AF
:10A16000584604B0BDE8F09F44F48064A9690198A2
:10A170007F1C8847761E8246002E02DDBAF1300F22
:10A1800003D0B9F1000F26D032E0A969761E0198FC
:10A190007F1C44F400748847002E824605DDBAF126
:10A1A000780F06D0BAF1580F03D0B9F1000F10D0D4
:10A1B0001EE0B9F1000F02D0B9F1100F18D1A96952
:10A1C000761E01987F1C24F4007488478246102074
:10A1D00002E0082000E00A20814609E0A96908FBA6
:10A1E0000908761E01987F1C44F400748847824653
:10A1F000002E05DD4946504600F03CFE0028EDDA11
:10A20000E96901988847A00502D46FF00100A8E72A
:10A21000E00725D1600613D5600502D5C8F100001E
:10A2200000E0404629680A1D2A600968220501D518
:10A23000087015E0220701D5088011E008600FE0E2
:10A240002868011D29600068210502D580F800807A
:10A2500006E0210702D5A0F8008001E0C0F80080E8
:10A2600038467EE72DE9FF5F4FF000089946144617
:10A2700046469169D2E901A7DDF838B001988847D0
:10A28000054659EA0B0005D009E0A1690198761C42
:10A2900088470546216A284688470028F5D1681C6A
:10A2A00003D05FEACA7005D015E04FF0FF3004B06C
:10A2B000BDE8F09F2068011D2160D0F800800AE011
:10A2C0005FEACA7001D108F8015BA169761C0198A8
:10A2D0007F1E88470546002F1ADD681C18D0B9F18B
:10A2E000000F0DD0E81705EBD060421120F01F00E1
:10A2F00059F822102A1A012090400142E0D107E0CB
:10A30000BBF1000FDCD12846216A88470028D7D04E
:10A31000E16901988847BBF1000F07D1002E05DDE8
:10A320005FEACA7002D1002188F80010A068B84224
:10A3300003DDBBF1000F03D017B16FF00100B6E7EA
:10A340003046B4E7401ECAB210F8011F8A4202D05C
:10A350000029F9D10020704710B5431E13F8014FB2
:10A36000002CFBD105E011F8014B002C03F8014B48
:10A3700003D0521EF7D20021197010BD30B505462A
:10A380000B462A4613F8014B12F8010B08B1A04204
:10A39000F8D01CB1002802D06D1CF1E7284630BD72
:10A3A00040EA0103024630B59B0710D14FF001345B
:10A3B00000E008C208C91D1B9D4315EAC41FF8D060
:10A3C00013F0FF0102F8011B0DD01B0AF8E711F88A
:10A3D000013B002B02F8013B05D011F8013B002B9B
:10A3E00002F8013BF3D130BD10B5431C02E010F878
:10A3F000011B71B18107FAD14FF0013202C88C1AEA
:10A400008C4314EAC211F9D0C01A0A0603D0C01E48
:10A4100010BDC01A10BD0A0401D0801E10BD090273
:10A42000FCD0401E10BD40EA010370B59B072ED141
:10A430004FF00136042A2AD308C810C99D1B9D433A
:10A44000121F15EAC61517D0D8B2E1B2401A50EA69
:10A45000056110D198B2A1B2401A50EA05410AD163
:10A4600023F07F4024F07F41401A50EA052102D1B9
:10A47000180EA0EB146070BDA342DBD018BA21BA4D
:10A48000884201D9012070BD4FF0FF3070BD0AB97C
:10A49000002070BD10F8013B11F8014B63B1A342DD
:10A4A0000AD1521E08D010F8013B11F8014B1BB124
:10A4B000A34201D1521EEDD1181B70BD421E12F8ED
:10A4C000013F002BFBD111F8013B002B02F8013BAF
:10A4D000F9D17047032A40F2308010F0030C00F0ED
:10A4E000158011F8013BBCF1020F624498BF11F8CE
:10A4F00001CB00F8013B38BF11F8013BA2F1040287
:10A5000098BF00F801CB38BF00F8013B11F00303FE
:10A5100000F02580083AC0F0088051F8043B083A62
:10A5200051F804CBA0E80810F5E7121D5CBF51F804
:10A53000043B40F8043BAFF30080D20724BF11F87E
:10A54000013B11F801CB48BF11F8012B24BF00F8E3
:10A55000013B00F801CB48BF00F8012B704710B554
:10A56000203AC0F00B80B1E81850203AA0E818500B
:10A57000B1E81850A0E81850BFF4F5AF5FEA027CCC
:10A5800024BFB1E81850A0E8185044BF18C918C03B
:10A59000BDE810405FEA827C24BF51F8043B40F8DC
:10A5A000043B08BF7047D20728BF31F8023B48BFC1
:10A5B00011F8012B28BF20F8023B48BF00F8012BFF
:10A5C000704702F0FF0343EA032242EA024200F02E
:10A5D00002B84FF000020429C0F0128010F0030C02
:10A5E00000F01B80CCF1040CBCF1020F18BF00F886
:10A5F000012BA8BF20F8022BA1EB0C0100F00DB835
:10A600005FEAC17C24BF00F8012B00F8012B48BF92
:10A6100000F8012B70474FF0000200B51346944636
:10A620009646203922BFA0E80C50A0E80C50B1F1AA
:10A630002001BFF4F7AF090728BFA0E80C5048BFBE
:10A640000CC05DF804EB890028BF40F8042B08BF5C
:10A65000704748BF20F8022B11F0804F18BF00F858
:10A66000012B7047704770477047000010B500F02D
:10A6700049FC001D10BD00BFF923000000487047D1
:10A680009C380020704770477047704738B50446C3
:10A690000A4600206946AFF30080002808BF38BD95
:10A6A00002460099204600F035FC012038BD01200B
:10A6B00000F03ABFF8B5AFF30080054600200C4625
:10A6C000102000BF0646A819A0420DD9324669469F
:10A6D0000020AFF30080070008BF00F025FF0098BE
:10A6E000A04218BF0546C419FFF7C8FF056007461A
:10A6F000F01D20F007004619284600F00AF8B44281
:10A7000008BFF8BDA21B31463868BDE8F84000F02C
:10A7100001BC00210160C0E90110704710207047A2
:10A7200010B500F0F3FB006810BD10B5044600F052
:10A73000EDFB046010BD09684A0501D540B27047C1
:10A74000C905FCD500B2704709684A0501D5C0B2F9
:10A750007047C905FCD580B270472DE9F0470D461A
:10A7600099469246044600F124080168880604D5FB
:10A77000E06921F01001216000E00120A84201DD24
:10A78000471B00E00027A1697A1902EB0900081AAB
:10A79000A0612078C00602D42046FFF705FB002602
:10A7A00008E0D4E901211AF806009047206A401C0D
:10A7B000761C20624E45F4DB2078C0060AD5204680
:10A7C000FFF7F2FA06E0D4E9012130209047206A31
:10A7D000401C2062381EA7F10107F4DC07E0D4E931
:10A7E000012118F805009047206A401C2062281EAD
:10A7F000A5F10105F3DC2046FFF7ECFA207800060E
:10A8000002D50220BDE8F0870120FBE7116802684D
:10A81000006A530501D508700AE0D30501D5088008
:10A8200006E0130603D5C217C1E9000200E0086084
:10A830000120704770472DE9FF4F0C461E464FF030
:10A84000FF378BB0D2E90001DDF860800A908A46BC
:10A85000C1F30A5505B93D46002108464FF00000F6
:10A86000BAF1000F00F4400005DA00EB80004FF46D
:10A87000400101EA50004FEA9059B9F1010F00DDA3
:10A88000B9460A9850EA4A000ED044F61050A5F294
:10A89000FF3545432F14B8F1000F1ED07542291E15
:10A8A0001EDDC9F100021CE0B8F1010F4FF00000FD
:10A8B00001D0302103E0F24305E02154401CB042B6
:10A8C000FBDB30460022002121540B99C1F808809F
:10A8D000C1E900200FB0BDE8F08FBD1B6D1CDEE7A5
:10A8E0004A4600DA694206A800F08CFD06AB93E800
:10A8F000070003AB83E8070050460A9900F0DEFE2C
:10A900008DE80700A0F500501F3800900398002D37
:10A910000ADD42F21F014A460844002303A90390BE
:10A92000684601F047F909E0A0F500504A461F3893
:10A93000002303A90390684601F051F98DE8070050
:10A940000004000C03D04FF0FF30410800E0104637
:10A95000B8F1000F03D00022009215461EE0751ECC
:10A9600005D400F0F1FA303262556D1EF9D5B346C8
:10A970000122084302D000227F1C04E02078302806
:10A9800001D100227F1E002A099784D01DE0112DDD
:10A9900007DA00F0D9FA303262556D1C50EA010234
:10A9A000F5D1084302D00098C8B10EE00021681E1E
:10A9B00005E0235C625C63542254401E491C8142C2
:10A9C000F7DBAB46A81B401E0990002004F80B00E3
:10A9D0000B98099AC0F80880C0E9002B7AE7112685
:10A9E0004FF0000857E72DE9F04F88460446D21D86
:10A9F00022F0070191B0D1E90001CDE90A0101F08F
:10AA000025FA02460B98C00F01D02D2007E02068E0
:10AA1000810701D52B2002E0202101EAC000032A92
:10AA2000099001D0072A05DB03464146204600F085
:10AA3000D9FA0BE12078800601D5E06900E0062014
:10AA4000B8F1650F814606D0B8F1660F18D0B8F19D
:10AA5000670F70D131E00020B9F1110F009001DBD8
:10AA6000112301E009F101030AAA01A90CA8FFF7CB
:10AA7000E2FEDDE90C70002609F10105834647E09E
:10AA800001204B4600904FF000470AAA01A90CA8EC
:10AA9000FFF7D1FEDDE90DB00C995D46002610B937
:10AAA00009F101000D18B9EB050003D4C0F1FF3620
:10AAB00009F10105A5EB09002BE0B9F1010F01DA5D
:10AAC0004FF001090020B9F1110F0090484601DD57
:10AAD000112300E003460AAA01A90CA8FFF7ABFE68
:10AAE000DDE90C704D4600268346207800070AD425
:10AAF000AB4500DA5D4601A8012D04DD411911F8CE
:10AB0000011C302907D04F4502DA17F1040F04DA8F
:10AB1000012082460FE06D1EEEE7002F02DCED1BE8
:10AB20003E4403E0781CA84200DD7D1CB81B00F108
:10AB3000010A4FF000472078000703D4AA4501DB43
:10AB40004FF0FF3A0021B7F1004F0DF143088DF8A7
:10AB5000431024D002202B23002F01DA7F422D2323
:10AB60000A21021EA0F1010000DC5FB197FBF1FC9D
:10AB700097FBF1F201FB1C7C17460CF1300C08F836
:10AB800001CDEEE7A8F1010003702188090501D588
:10AB9000452100E06521A0F1010800F8011C099899
:10ABA0000FA9A1EB0807FF1D00B10120411901EB1E
:10ABB000EA70A1693844081A401EA0612078C006D6
:10ABC00002D42046FFF7F0F8099828B1D4E9012112
:10ABD0009047206A401C20622078C00622D520467B
:10ABE000FFF7E2F81EE0002E04DBB34502DD01A80A
:10ABF000805D00E03020D4E901219047206A401CAC
:10AC00002062761CAAF101005FEA000A0AD100F076
:10AC100079F9C0680168405CD4E901219047206A55
:10AC2000401C2062281EA5F10105DCDC07E0D4E908
:10AC3000012118F8010B9047206A401C2062381E41
:10AC4000A7F10107F3DC2046FFF7C4F8032011B099
:10AC500041E6000001694A1C02610878704700B5AE
:10AC60008FB0CDE901310021059105497944CDE945
:10AC7000031011466846FFF76DF90FB000BD0000E4
:10AC8000E5FFFFFF0A6802F8010B0A607047D1E98F
:10AC900000239A4202D2531C0B601070704710B50B
:10ACA000436913B1AFF3008001E0FFF7A4F801207E
:10ACB00010BD127800F124010A7000224A700122AE
:10ACC000EDE711684FF0FF32E9E700002DE9FF5F83
:10ACD00015468A460446DFF8AC80F8440027D8E9D8
:10ACE00000103E46CDE9001010E03AF816106A4612
:10ACF00002A800F0F9FB411C07D02178890603D592
:10AD0000E269391891420DD80744761C20788006F4
:10AD100002D5E069B84205DDAE42E6DB3AF816003E
:10AD20000028E2D1A069C01BA0612046FFF73CF8D3
:10AD3000D8E90010CDE90010002017E03AF818100B
:10AD40006A4602A800F0D0FBB0F1FF3F81460BD06D
:10AD500000250DF1080B05E0D4E901211BF80500E1
:10AD600090476D1C4D45F7D308F10100B042804675
:10AD7000E4DB206A384420622046FFF72BF8BDE868
:10AD8000FF9F00002A3500002DE9F0418046D21DCA
:10AD900022F007020025D2E90002F52915A614D0F9
:10ADA000011E72F1000106DA0023D0EB030063EB11
:10ADB000020211A608E0D8F800108B0701D50FA6F3
:10ADC00002E0490701D50EA601251146002408F12D
:10ADD000240704E000F0B8F830323A55641C50EA19
:10ADE0000102F7D12B46324621464046BDE8F041EC
:10ADF000FFF7B3BC000000002D0000002B00000096
:10AE00002000000030B4002100F1240408E002F02A
:10AE10000705D208303542EA4372DB086554491C05
:10AE200052EA0305F3D10468002310A2250707D5D1
:10AE3000A40600D421B1C46901230DA2641EC4611B
:10AE400030BCFFF78ABC10B5044621461068FFF7F6
:10AE50007BFC02462046BDE810400023D2E7D21D0D
:10AE600022F00701D1E90023CCE700000000000038
:10AE7000300000003A2800D2303820F02002412A69
:10AE800001D3A2F13700884201D34FF0FF30704761
:10AE9000026811441378016018467047D160054973
:10AEA00079445161044979441162002111611146CC
:10AEB00000F0EEB8EDFFFFFF29010000426842B14B
:10AEC000016811F8013B23B1521EC0E90012184677
:10AED00070470121C160881E704742685AB1C3683B
:10AEE000016843B983688B4205D0491E521CC0E9F2
:10AEF0000012002070474FF0FF3070470048704745
:10AF00009438002000487047B4380020004870474B
:10AF100094380020034640688C46002818BF8842B9
:10AF20003CBF03464068F8D318681844884207D0ED
:10AF30000CF1030020F00700001D411A521A0146CF
:10AF4000081D0A60FEF7AFBE30B5B0F10A024FEA45
:10AF5000900E71F100034EEA817EB0EB0E0061EBC2
:10AF600091014FEA101E4EEA017E10EB0E0041EBFC
:10AF700011114FEA102E4EEA016E10EB0E0041EB5C
:10AF800011214FEA104E4EEA014E10EB0E0041EB3C
:10AF90001141401841F100014FEAD00040EA4170F0
:10AFA0004FEAD10110EB80054FEA810444EA907426
:10AFB00044EB01046D1944EB0404521BA3414FF010
:10AFC000000348BF0A3200D530BD401C41F10001EA
:10AFD00030BD10B50446FFF749FB0068005D00F086
:10AFE000010010BD2DE9F0411F460446032601680B
:10AFF000072A01F4006004DB08B116A505E016A5D8
:10B0000003E008B115A500E015A521F010002060AF
:10B01000A069C01EA0610FB1401EA0612046FEF7CE
:10B02000C3FE4FB1D4E9012138469047206A401C45
:10B030002062C01C206206E0206AFAE7D4E9012100
:10B0400015F8010B9047761EF8D22046FEF7C2FE97
:10B05000BDE8F0814E414E006E616E00494E4600E3
:10B06000696E660010B5436913B1AFF3008001E06B
:10B07000FFF72CFE012010BD128800F1240182840C
:10B080000022C2840122EDE711684FF0FF32E9E7A8
:10B090002DE9F34F4FF0000A0C4656468DB00120C3
:10B0A0000C9001F10C000B9062690B980121904704
:10B0B000051E2DD0252D2CD0216A8847C0B162698C
:10B0C0000B9801219047216A88470028F7D16269CF
:10B0D000411E0B98904700E0761CA1690D988847A7
:10B0E000216A88470028F7D1E1690D988847DBE796
:10B0F000A1690D988847A842074601D1761CD3E77D
:10B10000E1690D9888477F1C02D1BAF1000F6FD01A
:10B110006BE162690B9800273D46394690472A2823
:10B1200004D162690B98012190470125DFF8D08294
:10B1300062690B9801219047A0F130010A290AD2D7
:10B140004745E5DC07EB870100EB4107303FDFD4E3
:10B1500045F01005ECE7E90601D46FF000476C28D4
:10B160000AD04C2814D0682815D06A280DD074282D
:10B170001CD07A281AD01DE062690B9801219047F3
:10B180006C2802D045F0040514E045F002050DE0FE
:10B1900045F020050AE062690B9801219047682874
:10B1A00002D045F0080505E045F4006562690B989A
:10B1B00001219047C4E9015765283DD019DC582882
:10B1C0007AD00CDC452837D004DC252826D041284D
:10B1D0009ED131E046282FD0472899D12CE05B281A
:10B1E00077D0612828D063287CD0642823D15AE006
:10B1F000F6E06F2848D008DC66281DD067281BD0F1
:10B20000692821D06E2816D127E0702845D07328F0
:10B2100068D0752847D078280DD14DE0A1690D98E8
:10B220008847252805463FF469AFE1690D988847AE
:10B230006D1C3FF46AAFD8E00D9923466A466FF063
:10B240000100AFF30080C5E045F0400023464FF019
:10B2500000026060A80736D43EE0E8077FF447AFFD
:10B260002068011D21600068290501D506701BE7D3
:10B27000290701D5068017E7A90703D5F117C0E90B
:10B28000006111E706600FE745F0400023464FF0EC
:10B2900008026060A80716D41EE040F60E0125EAF9
:10B2A0000100606016E045F0400023464FF00A02BE
:10B2B0006060A80707D40FE045F040006060A80771
:10B2C00008D5234610220D996FF00100AFF30080DE
:10B2D00080E007E0102223460D996FF00100FEF791
:10B2E0001BFF77E04FF0000963284F46C8464B46E6
:10B2F000CB4602D05B2806D038E0E80601D4012016
:10B30000A060012732E06269D4F80CB00B980121EB
:10B3100090475E2807D14FF0010949466269D4F889
:10B320000CB00B989047216939B900210A4603AB4C
:10B3300043F82120491C0829FADBD8B3216949B315
:10B3400008F1010862690B98012190475D28F4D14A
:10B35000B9F1000F09D0002003A951F82020D243F1
:10B3600041F82020401C0828F7DB03AB20690028A7
:10B3700020794FEA40701ED05B462246CDF800800F
:10B38000CDE901970D9900286FF0010020DAAFF3A5
:10B3900000801FE0C11703AA00EBD1614B1121F01F
:10B3A0001F0102EB8302411A136801208840034306
:10B3B0001360C7E719E00D99224600286FF00100DD
:10B3C000009702DAAFF3008004E0FEF74BFF01E0E4
:10B3D000AFF3008000280ADA401C06D10C9820B197
:10B3E0004FF0FF300FB0BDE8F08F5046FAE7E907A5
:10B3F00001D10AF1010A064400200C9054E6000035
:10B40000CCCCCC0C2DE9F047814616468AB03548A5
:10B4100078440DC88DE80D0032487844801C03AC98
:10B420000DC884E80D0041F69B300844372190FB9D
:10B43000F1F290FBF1F5A5F1800501FB12041B3C34
:10B4400002D56442012000E00020DFF898A0804689
:10B450000027FA44AAF1BE0A0EE0E0070AD03246FD
:10B46000684607EB470101230AEB810100F0B7FBB7
:10B470008DE8070064107F1C002CEED1194F7F442B
:10B48000AE3F19E0E80715D007EB04100DF1180ADC
:10B4900090E80E008AE80E00C068F04201D19819C9
:10B4A00008903246012306A903A800F098FB03ABDD
:10B4B00083E807006D10641C002DE3D14FF00103F9
:10B4C00032466946B8F1000F03A802D000F072FBC3
:10B4D00001E000F084FBC9E90001C9F808200AB0C6
:10B4E000BDE8F087802E000070B516460C46054674
:10B4F000FFF7BCF8036893F80101012806D0FF2C80
:10B500000FD8185D68B101202C7070BDD3F8070109
:10B510003246214603F2071303442846BDE8704033
:10B5200018474FF0FF3070BD10B500F039F8BDE896
:10B53000104000F02FB870477546FFF7DFFCAE46AD
:10B5400005006946534620F00700854618B020B52F
:10B55000F5F776F8BDE820404FF000064FF0000701
:10B560004FF000084FF0000B21F00701AC46ACE8AB
:10B57000C009ACE8C009ACE8C009ACE8C0098D4618
:10B58000704710B50446AFF300802046BDE8104078
:10B59000F4F76DBE002801D000F06AB870470000D3
:10B5A00010B5012805D0002103A000F067F80120A4
:10B5B00010BD09A1F8E7000053494752544D454DCD
:10B5C0003A204F7574206F662068656170206D6544
:10B5D0006D6F7279000000003A2048656170206D3F
:10B5E000656D6F727920636F727275707465640037
:10B5F0004FF0013C50F8042B51F8043B9A4221D102
:10B60000A2EB0C03934313EACC1317D150F8042B8D
:10B6100051F8043B9A4215D1A2EB0C03934313EA71
:10B62000CC130BD150F8042B51F8043B9A4209D1AA
:10B63000A2EB0C03934313EACC13DBD04FF00000D2
:10B64000704700BFD01A01BAB1FA81F101F01801B8
:10B6500022FA01F0CB40C1F12001DBB2C0B2C01A26
:10B660002CFA01F3D11A914311EAC311E6D17047C4
:10B6700001491820ABBEFEE72600020070B5054662
:10B680000C460A2000E06D1C00F011F835B1287856
:10B690000028F8D102E0641C00F009F814B1207809
:10B6A0000028F8D1BDE870400A20AFF3008008B54B
:10B6B00069468DF800000320ABBE08BD5FEA400C70
:10B6C00008BF91F0000F4FEA8C234FEAC12243EAF2
:10B6D00051514FEA1C5018BF00F5F0404FEA3000BE
:10B6E00018BF41F000415FEA6C5C00F02980BCF1BA
:10B6F000FF3F08BF40F080407047130C06BF1204A4
:10B700004FF0100C4FF0000C130E04BF12020CF19E
:10B71000080C130F04BF12010CF1040C930F04BFAB
:10B7200092000CF1020CD30F04BF52000CF1010C7B
:10B7300011464FF00002A0F11F00A0EB0C00704773
:10B7400011F0004F08BF704731F000413FF4D5AF12
:10B750000B0C06BF09044FF0100C4FF0000C0B0E41
:10B7600004BF09020CF1080C0B0F04BF09010CF116
:10B77000040C8B0F04BF89000CF1020CCB0F04BF2B
:10B7800049000CF1010CCCF12003A0EB0C0022FAD3
:10B7900003F302FA0CF241EA030100F101007047E1
:10B7A00020F07F4C80EA030023F07F47ACEB0703D7
:10B7B00003F57C5300F0004003F1FF032DE98049BD
:10B7C0004FEA154B09B44FEA144325EA0B4E24EA1D
:10B7D00003480FF2042606EB132749083E785FEA78
:10B7E000320203FB0667C7F5000707FB06F64FEAC0
:10B7F00054374FEAD64606F1020607FB066CCCF139
:10B80000005C4FEA1C472CEA074C07FB06F40CFBD4
:10B8100006F504EB15464FEA961634BF00204FF0AC
:10B8200000404FEAD13706FB07FC4FEA1C4C0CFBEB
:10B830000BF7D21B03FB0CF761EB07010CFB0EF7B8
:10B84000B0EB074072EB17420CFB08F734BFA2EBDA
:10B850000742B2EB074261EB17414FEA0C444FEA53
:10B86000910706FB07FC4FEA1C4C0CFB0BF7B0EBF7
:10B87000C74072EB573203FB0CF734BFA2EBC74251
:10B88000B2EBC74261EB57310CFB0EF7B0EBC700D0
:10B8900072EB57720CFB08F734BFA2EBC702B2EB96
:10B8A000C70261EB5771039F4FEA816141EA921130
:10B8B00004EBCC044FEAD1374FEA826206FB07FC67
:10B8C00042EA90124FEA80604FEA1C4C0CFB0BF7E7
:10B8D000D21B03FB0CF761EB07010CFB0EF7B0EB7F
:10B8E000074072EB17420CFB08F734BFA2EB07428C
:10B8F000B2EB074261EB17414FEA8C554FEA9107D3
:10B9000004EB9C2406FB07FC4FEA1C4C0CFB0BF7DA
:10B91000B0EBC74072EB573203FB0CF734BFA2EB1E
:10B92000C742B2EBC74261EB57310CFB0EF7B0EBED
:10B93000C70072EB57720CFB08F734BFA2EBC702CB
:10B94000B2EBC70261EB577115EB4C254FEA8161F1
:10B9500041EA92114FEA82624FEAD13742EA9012ED
:10B9600006FB07FC44F100044FEA80604FEA1C4CE0
:10B970000CFB0BF7D21B03FB0CF761EB07010CFB75
:10B980000EF7B0EB074072EB17420CFB08F734BF21
:10B99000A2EB0742B2EB074261EB174115EB1C1516
:10B9A0004FEA813141EA92414FEA823242EA9042C3
:10B9B0004FEA80304FEA0C7644F1000448EA034332
:10B9C0004EEA0B484FF0000EB2EB080C71EB030788
:10B9D00024BF624639464EEB0E0E4FF0000B0018A6
:10B9E000524149414BEB0B0BB2EB080C71EB0307D7
:10B9F0007BF1000B24BF624639464EEB0E0E4FF032
:10BA0000000B0018524149414BEB0B0BB2EB080CF9
:10BA100071EB03077BF1000B24BF624639464EEB06
:10BA20000E0E51EA020718BF46F0010616EB0E761D
:10BA300055F1000254F1000103D5BDE88901BDE8CC
:10BA40000088BDE88901BDE80048B619524141EBC4
:10BA50000101A3F10103704780807F7E7D7C7B7AAA
:10BA60007978777676757473727171706F6E6E6DAA
:10BA70006C6C6B6A6A696868676666656464636350
:10BA800062616160605F5F5E5E5D5D5C5C5B5B5AD6
:10BA90005A59595858575756565555555454535343
:10BAA00052525251515050504F4F4F4E4E4D4D4D9E
:10BAB0004C4C4C4B4B4B4A4A4A49494948484847E9
:10BAC0004747474646464545454444444443434327
:10BAD0004342424242414141002B9C4630D47700D0
:10BAE0002BD01CB54FEA370703B44FF010004FF0CE
:10BAF0001001BAF1000F06D0BCF1000FDCBF40F01E
:10BB0000080040F008014FF000000FBCBDE81040F5
:10BB10000BF1010BBBF1010F08BF5FEA170722BF52
:10BB200012F1010211F101014FF0004143F1000354
:10BB300000F0004043EA00007047F9D35708D0E70F
:10BB400046EA064613F1400F4FEA16461FDD13F191
:10BB5000200FDFBF16430A46002120335B42BED0D0
:10BB6000C3F1200746EA064602FA07F74FEA1646EF
:10BB700046EA0706C3F1200722FA03F201FA07F7A3
:10BB800021FA03F14FF0000342EA0702A7E746EA71
:10BB9000020646EA06464FEA164646EA0106BCBFDA
:10BBA00046EA0646360C4FF000034FF000024FF015
:10BBB000000194E72DE9804C9A46934670B491E8D1
:10BBC000380007C831EA400C48BF34EA430C03D5BB
:10BBD000FFF7E6FDFFF780FFF0BCBDE8008C2DE924
:10BBE000804C9A46934670B491E8380007C810F02C
:10BBF000804F08BF13F0804F03D100F005F8FFF726
:10BC00006BFFF0BCBDE8008C20F07F4780EA0300AA
:10BC100023F07F4C07EB0C03A3F57C5300F00040AE
:10BC2000A3F1FE0392F0000F00F0B38095F0000F37
:10BC300000F077802DE901494FEA11404FEA1446A0
:10BC400021EA004800FB06FC24EA064708FB06F64A
:10BC500007FB08F800FB07F718EB06484CEB164CFF
:10BC60004FEA124B18EB07484FEA15464CEB1740CA
:10BC700022EA0B4E0BFB06FC25EA06470EFB06F6F6
:10BC800007FB0EFE0BFB07F71EEB064E4CEB164CAC
:10BC90004FF000061EEB074E4CEB174B18EB0B0852
:10BCA00040F1000018EB0E0B58EB000840F10000CB
:10BCB0008F1A4FF000013CBFC943661B14BFB5EBA0
:10BCC000040C00213CBFC943F61B4FEA17444EEA5F
:10BCD0008E0E27EA04454FEA1C4704FB07622CEA54
:10BCE000074C05FB07F70CFB05F604FB0CFC16EBF9
:10BCF000074642EB174216EB0C4642EB1C421BEB8D
:10BD0000060658EB0202414146EA9E0601D5BDE80F
:10BD10000189B619524141EB0101A3F10103BDE8CC
:10BD200001894FEA14454FEA114724EA054621EA02
:10BD3000074C05FB07F406FB07F70CFB06F105FBB8
:10BD40000CFC11EB074144EB17444FEA124711EB8F
:10BD50000C4144EB1C4422EA074C05FB07F206FBAE
:10BD600007F70CFB06F605FB0CFC16EB074642EB4F
:10BD7000174216EB0C4642EB1C456A1854F10001C1
:10BD800048BF7047B619524141EB0101A3F10103CD
:10BD9000704795F0000F37D04FEA11424FEA144731
:10BDA00021EA024624EA074C02FB07F106FB07F7EB
:10BDB0000CFB06F402FB0CFC14EB074441EB1741AF
:10BDC0004FEA154714EB0C4441EB1C4125EA074CA4
:10BDD00002FB07F506FB07F70CFB06F602FB0CFC63
:10BDE00016EB074645EB174516EB0C4645EB1C4298
:10BDF000121951F1000148BF7047B619524141EB89
:10BE00000101A3F1010370474FEA14454FEA1147BE
:10BE100024EA054621EA074C05FB07F106FB07F774
:10BE20000CFB06F24FF0000605FB0CFC12EB074280
:10BE300041EB174112EB0C4251EB1C4148BF7047DC
:10BE4000921841EB0101A3F101037047490050EA48
:10BE5000C12018BF04204A0D18BF40F0010040F275
:10BE6000FF72B2EB515F08BF40F00200012808BF2B
:10BE7000052070472DE9F0414F1E00EBC701044635
:10BE8000D1E9000115461E4637F006020DD02A46BC
:10BE9000334601F0EBF87F1E04EBC703D3E9002320
:10BEA00000F012FE37F00602F1D1022F25D0042F48
:10BEB00013D0062F18BFBDE8F0812A46334601F0A3
:10BEC000D5F8D4E90A2300F0FFFD2A46334601F0F5
:10BED000CDF8D4E9082300F0F7FD2A46334601F0F7
:10BEE000C5F8D4E9062300F0EFFD2A46334601F0F9
:10BEF000BDF8D4E9042300F0E7FD2A46334601F0FB
:10BF0000B5F8D4E9022300F0DFFD2A46334601F0FC
:10BF1000ADF8D4E90023BDE8F04100F0D5BD000044
:10BF2000002213461046014900F08ABE0000F03F8F
:10BF300000F0CABD002213461046114600F080BE34
:10BF400040F2013200204FF0E04101F044BC00001B
:10BF5000024A0020110701F03EBC000001FDFFFF76
:10BF600030380A2801D201207047002070470000B5
:10BF70002DE9F041C1F30A52A2F2FF362F4A304BAD
:10BF80000D460446142E2FDA002E12DA00F09CFD26
:10BF90000022134601F068F94CD2002DA4BF002402
:10BFA000254647DA25F00040204318BF254D41D0F3
:10BFB00018E0DFF894C02CFA06F705EA070C5CEAF3
:10BFC000040C08BFBDE8F08100F07EFD002213469E
:10BFD00001F04AF92ED2002D03DA4FF48010F04020
:10BFE0000544BD43002425E0332EC8BFBDE8F081E1
:10BFF000A6F1140C4FF0FF3727FA0CF73C4208BFAC
:10C00000BDE8F08101F066F90022134601F02CF939
:10C0100010D2002D0DDA142E08BF6D1C09D0C6F108
:10C020003400012101FA00F02044A04238BF6D1C09
:10C030000446BC4329462046BDE8F0819C75008833
:10C040003CE4377E0000F0BFFFFF0F002DE9F04D0C
:10C050001D460C4698B0174621F0004123F00043DE
:10C06000002814BF4FF0010C4FF0000C0CEB440CF7
:10C07000FE4A0CEB02064FEA620C66452BD33E00EB
:10C0800018BF012606EB45061644F94A964222D30C
:10C09000F84A53EA070C02D0944205D148B918B0C7
:10C0A00000201146BDE8F08D002808BF4FF0000CBD
:10C0B00001D04FF0010C0CEB440212F5001F0AD81E
:10C0C000002F14BF4FF0010C4FF0000C0CEB450299
:10C0D00012F5001F07D918B03A462B462146BDE895
:10C0E000F04DFFF725BF0022DFF88CA3002CB8BF6E
:10C0F000534526DADFF884C36345A8BF022220DA5D
:10C10000DFF870C39C451CDCDFF874C30CEB235CC8
:10C11000BCF1140F08DDCCF1340627FA06FC0CFA4A
:10C1200006F6BE420DD108E05FB9CCF1140623FA41
:10C1300006FC0CFA06F69E4203D10CF00102C2F195
:10C14000020251EA000C19D1002D17DA002C18BF99
:10C15000022A01D0012A07D00220FEF7E6FA18B021
:10C16000BDE8F04DFFF7DCBE0220FEF7DEFAFFF778
:10C17000D7FE18B081F00041BDE8F08DB7F1000C9A
:10C180006CD1534525D104F1804212F5801201BFD4
:10C1900000280020B74918B008BFBDE8F08DB548A9
:10C1A000884207DC002DA1BF6046294618B0BDE8D3
:10C1B000F08D07E0281E05DA80F0004118B06046D7
:10C1C000BDE8F08DAF497944D1E9000118B0BDE870
:10C1D000F08DDFF8A0C2634525D1002D1FDA19B11B
:10C1E000514512D1D8B909E0002840F0EC82A24AAA
:10C1F000214618B062F31E01BDE8F08D00202146F3
:10C2000018B060F31E01BDE8F08D08DA18B02346BF
:10C21000BDE8F04D02460020614600F011BD18B0A7
:10C220002146BDE8F08D514518DAB5F1804F0DD0AB
:10C23000A5F1005CBCF1FF5C10D1B4F1000C0DDB8A
:10C2400018B06146BDE8F04D00F0ECBB234618B0D5
:10C250000246BDE8F04D194600F008BF060024F084
:10C26000004C3BD1D9B1514533D1002C06DD002D16
:10C27000A1BF0020514618B0BDE8F08D002C01DDB3
:10C28000002D1BDB002C13DA002D11DB012A4FF0EF
:10C29000000014BF78497C4918B0BDE8F08D022A2F
:10C2A00018BF002C0AD0012A08D1002C06DA0AE0B7
:10C2B000002CB8BF002D11DA012A04D0002018B0DC
:10C2C0000146BDE8F08D18B000204FF00041BDE8F8
:10C2D000F08DA1F14050B0F17F601AD0012000EB49
:10C2E000E47050EA020421D0624C521E4FF0000B61
:10C2F000104304BF4FF0000B644C654883427CDD63
:10C30000644A654893421FDD884217DB002D25DB18
:10C3100037E0002C00DA4AB1022A0CBF01204FF0AE
:10C32000FF3018B0BDE8F04D00F04DBE0120FEF723
:10C33000FCF918B0BDE8F04DFFF7FCBD4D4A8A424C
:10C3400002DC002D0ADC1CE0814202DA002D18DA42
:10C3500004E0484B994220DD002D12DD0220FEF75B
:10C36000E4F9FFF7EDFD05460E4600225346584618
:10C37000214600F07BFE18B066F31E012846BDE89A
:10C38000F08D0220FEF7D1F9FFF7E2FD0A462146C3
:10C3900018B062F31E01BDE8F08D00223046614600
:10C3A00001F08AF880460E466FF0010201F013FAA0
:10C3B0004FF05532394B00F08DFF4246334600F0C6
:10C3C00055FE0022364B00F085FF8246424633463A
:10C3D00004911046194600F049FE5246049B00F0B5
:10C3E00045FE8A4600904FF0C0422E4B40463146F3
:10C3F00000F03CFE2C4A2B4B00E027E0CDE9060183
:10C400005146009800F032FE82460191274A284B9F
:10C410004046314600F02AFE5246019B01F04CF89E
:10C4200082460B4602460591DDE9060100F04CFB11
:10C43000DDE9062300268846304601F03DF85246E5
:10C44000059B00F047FF024600F07EB90020B1F5E1
:10C45000801F07DA35223046614601F0BCF90646F6
:10C460006FF0340000EB215024E00000FFFF1F00BC
:10C47000FFFF0F000000F03F0000F07F000040438E
:10C4800001FCFFFF462000000000F0FF0000F0BFAD
:10C490000000E0410000F043FFFFEF3F5555D53F5E
:10C4A0000000E03F4715F73FFE822B6544DF5DF853
:10C4B0000BAE543EA0F2FF300190C1F3130040F0E8
:10C4C0007F6141F040510291FE498842D8BF00206F
:10C4D00004DDFD498142C8BF012001DD0D9008E067
:10C4E00000200D900198401C01900298A0F580104A
:10C4F00002900299F54878440B910D9900EBC10028
:10C50000D0E900230F9330460A920B9900F0D4FF34
:10C51000CDE90601DDE90A2130460F9B00F0D4FA8F
:10C5200002460B460020EA4900F08AFB05910246CC
:10C530000B460090DDE9060100F098FD1490E548F7
:10C540008A464FF0000878440299006812904FF034
:10C55000005040EA61010D980F9B01EB804000F50F
:10C56000002109910A9A129800F0A6FF32460B9B0F
:10C5700000F0B0FE4246534600F078FD06460291B8
:10C5800040465146099B129A00F070FDDDE90623F2
:10C5900000F0A0FE3246029B00F08EFF059B009A41
:10C5A00000F064FD0091149A049053461046194619
:10C5B00000F05CFD06460246C7480B460291062184
:10C5C0007844FFF757FCCDE90510029B3246104630
:10C5D000194600F04BFDDDE9053200F047FD0591FD
:10C5E0000646534640461946149A00F06DFA009BE1
:10C5F000049A00F03BFD3246059B00F065FACDE958
:10C600000510424653461046194600F02FFD002201
:10C61000B24B02910A9000F057FADDE9053200F0C2
:10C6200053FA0E464246AD4B404600F045FF029B92
:10C630000A9A00F041FFDDE9053200F04BFE424668
:10C6400002910A9033461046514600F00FFDCDE9A5
:10C6500006015346149A02990A9800F007FD8A468B
:10C660000290334642460099049800F0FFFC53467E
:10C67000029A00F029FA82460B4602460591DDE94E
:10C68000060100F021FADDE906230020884606466F
:10C6900000F012FF5246059B00F01CFE82460991F5
:10C6A0004FF060428E4B3046414600F0DFFC049074
:10C6B00006918C4A8A4B5046099900F0D7FC824675
:10C6C0000291894A894B3046414600F0CFFC5246E0
:10C6D000029B00F0F9F9864B7B440D9A03EBC203F1
:10C6E000D3E9002300F0F0F90E900791019800F0D3
:10C6F0006AFC0591DDE9061382460E9A049800F063
:10C70000E3F97C4A7A440D9B02EBC303D3E900238F
:10C710000093029200F0D8F95246059B00F0D4F93C
:10C720000026884652463046059B00F0C5FE009B19
:10C73000029A00F0C1FE069B049A00F0BDFE079B22
:10C740000E9A00F0C7FD024600200B4602903846C4
:10C75000294600F08BFC824601912B46384619464B
:10C76000029A00F0A9FE3246434600F07FFC524692
:10C77000019B00F0A9F907468A46324643462946FE
:10C78000029800F073FC05460E463A46534600F008
:10C790009BF9594A8846914221DBA8EB020353EAF0
:10C7A000000210D12A46334600F086FECDE904018E
:10C7B000524A534B3846514600F086F9DDE90423CE
:10C7C00000F052FD21D20220FDF7AFFFFFF7B8FBCA
:10C7D0000A46214618B062F31E01BDE8F08D494BB0
:10C7E00028F000429A4210D3474A08EB020353EA6A
:10C7F00000027FF4C6AD2A46334600F05DFE3A469D
:10C80000534600F031FD7FF6BCAD0022019228F0C6
:10C8100000403E493E4A01EB2051824223DA481C47
:10C820004FF4801121FA00F040443A4AC0F30A5113
:10C830007A44394BA1F2FF31CB4020EA0303C0F325
:10C84000130040F48010C1F11401C8401268019037
:10C85000B8F1000FBCBF404201902846314600F0BD
:10C860002BFE05460E462A4633463846514600F012
:10C870002BF94FF000084246284B4046059100F046
:10C88000F5FBCDE90601264A264B4046059900F006
:10C89000EDFB009102902A4633464046059900F090
:10C8A0000BFE3A46534600F015FD1F4A1F4B00F0A1
:10C8B000DDFB009B029A00F007F907468846024616
:10C8C0000B4635E08E9803007AB60B00861C0000FC
:10C8D0000000F03FC61C0000EC1B000000000840F8
:10C8E00009C7EE3FFD033ADCF5015B14E02F3EBEC5
:10C8F000C41A0000881A000000009040FE822B65D8
:10C900004715973C00CC904000346F3F01FCFFFF7F
:10C910000000E03FDC190000FFFF0F00432EE63F60
:10C92000396CA80C615C20BEEF39FAFE422EE63F5E
:10C93000DDE9060100F0C8F8DDE9062305460E46EC
:10C9400000F0BAFD3A46434600F0C4FC0F462A46C2
:10C95000334600901046194600F088FB8246024696
:10C960002E4888460B4605217844FFF783FA524645
:10C97000434600F07BFB2A46334600F0ABFC804682
:10C980008A463B4628463146009A00F06FFB3B46FC
:10C99000009A00F099F80691009000224FF0804331
:10C9A0004046514600F088FD0F460C9042465346E3
:10C9B0002846314600F05AFB3B460C9A00F040F9FD
:10C9C000069B009A00F078FD2A46334600F074FD7D
:10C9D0000022134B00F07EFC054601980E4601EB49
:10C9E00000510815002810DC28463146019A00F055
:10C9F000F2FEFFF72BFA042808BFFFF7A9FA284632
:10CA00003146019A00F0E7FE05460B4618B02A466B
:10CA100058462146BDE8F04D00F028BB74180000D0
:10CA20000000F03F2DE9F04106460F4600F05EFCA5
:10CA3000041E0D4618BF0120284320F00040C0F11D
:10CA40007F6000F1E040C00F0ED0301C18BF012005
:10CA5000384320F00040C0F17F6000F1E040C00F9B
:10CA600004BF0120FDF761FE20462946BDE8F081A4
:10CA700010B500290AD00878002807D00548784466
:10CA8000FEF7B6FD002801D0002010BD0248784412
:10CA900010BD0000721900006A19000010B50029CD
:10CAA0000AD00878002807D005487844FEF7A0FD92
:10CAB000002801D0002010BD0248784410BD0000BD
:10CAC000561A00004E1A000010B591EA030F48BF35
:10CAD00083F0004300F1F884841A71EB030C05D253
:10CAE000121943EB0C03001B61EB0C01DFF824E18E
:10CAF0004FEA1154A4EB135C1EEA430F18BF9EEAE1
:10CB0000445F73D023EA0E03DCF1200E21EA0451C6
:10CB100043F4801332D322FA0CFE10EB0E0023FAFA
:10CB20000CFE41EB0E01CCF1200E03FA0EFE10EBD1
:10CB30000E0051F10001B1F5801FCCF1200E32D270
:10CB400001EB045112FA0EF2BDE8104058BF7047D5
:10CB5000401C38BF5FEA420218BF7047002814BF6C
:10CB600020F0010041F100014FEA410313F5001FDD
:10CB700038BF7047A1F1C04100F070BB012A43EB00
:10CB80000302ACF1200CDCF11F0E32BF4FF0000E9F
:10CB900023FA0CF310EB030041EB0451B4EB115FEB
:10CBA000D0D0A1EB045101F5801149085FEA3000B3
:10CBB00001EB04510ED350F1000038BF12FA0EFE03
:10CBC00008D1BDE81040C9E7401C38BF5FEA420207
:10CBD000CAD1C3E7BDE810404FEA410313F5001F77
:10CBE00038BF7047A1F1C04100F038BB9EEA445FF6
:10CBF00008D011EA5E0FBDE8104004BF01F000410B
:10CC000000207047BDE8104070B500F0D9FA00BFB1
:10CC100064FBBE3E0000E0FF02494FF0000000F060
:10CC2000A8BD00BF0000F87F491058BFC1F14041C6
:10CC30005B1058BFC3F140438B42EFF30080704755
:10CC40002DE9C04130B4DFF8A0C23CEA111418BF8E
:10CC50003CEA131400F0EC8081EA03051CEA11148D
:10CC600044EAD57418BF1CEA131500F0C780A4EB82
:10CC700005044FF0004545EAC12145EAC32341EAD6
:10CC8000505143EA525304F17F74994204F5003441
:10CC90004FEAC0204FEAC22208BF904200F09C80B9
:10CCA0004FEA13650FF24016765D4FEA134506FB17
:10CCB00005F7C7F1807706FB07F74FEAD737A7FBE1
:10CCC00003687642C8F58038A7FB06CE38BFA8F1C6
:10CCD000010807FB08E64FF0000EA6FB028CE6FBFE
:10CCE00003CEDCF1000CCEF1004E38BFAEF1010EE8
:10CCF000A6FB0C584FF000074FF00005E6FB0E872F
:10CD0000A1FB08C6A0FB07CE16EB0E0645F10005F9
:10CD1000E1FB076515F1E04E7EBFA4F580345FEAC4
:10CD200046066D4116F1800745F100054FEA1727C9
:10CD30004FEA066647EA0567A6F1DE46B6F1805F70
:10CD40004FEA15251FD9384624F0010C05EBC471B4
:10CD5000BCF1FE6F01EB0C1102D8F0BCBDE8008104
:10CD600024425CBF01F5801E9EEAC47F02D4F0BC61
:10CD7000BDE80081244238D4F0BCA1F1C041BDE837
:10CD8000004100F06BBA4FEAD22242EA43524FEA26
:10CD9000D323A7FB02864FEAD02040EA415007FB8D
:10CDA00003661EEA0E0F4FEAD12105FB026658BF4B
:10CDB000A6EB0056B6EB00564FEA520E4EEAC37E83
:10CDC00018EB0E0E56EB530EBDD518EB02085E4164
:10CDD0007F1C55F10005B6E74FF480154FF00007B2
:10CDE0004FF000064FF00008ADE7F0BC4FF0000038
:10CDF00001F1C04101F00041BDE8008111EA0C1FC2
:10CE00000CEA131500D00CE013EA0C1F00F025808B
:10CE10004FF00000F0BC81EA030101F00041BDE8E1
:10CE20000081F0BCBDE8004181EA030100F016BAC0
:10CE3000F0BCBDE8004170B500F0C2F9097EFC3ECF
:10CE400000F007B881EA03014FF0000001F0004153
:10CE5000704781EA030100F001BAF0BCBDE800416F
:10CE60004FF0000021497047FFFDFBF9F7F5F4F2A0
:10CE7000F0EEEDEBE9E8E6E4E3E1E0DEDDDBDAD875
:10CE8000D7D5D4D3D1D0CFCDCCCBCAC8C7C6C5C4D3
:10CE9000C2C1C0BFBEBDBCBBBAB9B8B7B6B5B4B3EA
:10CEA000B2B1B0AFAEADACABAAA9A8A8A7A6A5A4D5
:10CEB000A3A3A2A1A09F9F9E9D9C9C9B9A99999899
:10CEC0009797969595949393929191908F8F8E8E3C
:10CED0008D8C8C8B8B8A89898888878786858584C9
:10CEE00084838382828181800000FF070000F87FB5
:10CEF00051EA030C17D41CF5801F58BFBCF5801FE6
:10CF000000F10680994218BF704708BF90427047F1
:10CF100007D711F5801F58BF13F5801F19D4994208
:10CF20007047894270471CF5801F08D5BCF5801FEB
:10CF3000F7D58B4218BF704708BF824270474FF445
:10CF4000001C1CEB410F38BF1CEB430F01D28B427E
:10CF5000704770B500F034F9922449004FF0005149
:10CF60004FF08053FFF760BE4FEA41034FEA53533F
:10CF7000A3F58063D3F11E03C8BFD3F1210C0CDDF0
:10CF80004FF0004242EAC12242EA505232FA03FC18
:10CF90008CEAE17CACEBE1707047102BC4BF002041
:10CFA000704703F5787CBCF1FF3F04D06FF000427E
:10CFB00082EA2100704770B500F002F9499224809E
:10CFC00000207047F2E710F0004248BF4042B0FA3C
:10CFD00080F310FA03F10AD0C3F11D0303F5806357
:10CFE0004FEA415002EB035202EBD12170474FF060
:10CFF0000000704751EA030C17D41CF5801F58BF7E
:10D00000BCF5801F00F10680994218BF704708BF29
:10D010009042704707D711F5801F58BF13F5801F46
:10D0200019D499427047894270471CF5801F08D572
:10D03000BCF5801FF7D58B4218BF704708BF8242EE
:10D0400070474FF4001C1CEB410F38BF1CEB430F23
:10D0500001D28B42704770B500F0B2F892244900BB
:10D060004FF000514FF08053FFF7DEBDDFF848C1AD
:10D0700070B51CEA111E1EBF1CEA13159EEA0C0FA8
:10D0800095EA0C0F00F06F8081EA030423EA4C1349
:10D090004EEAD47E21EA4C1141F4801143F480130E
:10D0A000AE44A1FB024CA0FB0365AEF17F7E3619B6
:10D0B00055EB0C05A1FB034C4CF10003A0FB021C3B
:10D0C00016EB0C06654153F10003094218BF46F008
:10D0D000010613F4007F0BD14FEA03314FEA05300C
:10D0E000340341EA155140EA16506FF003020AE09A
:10D0F0004FEAC3214FEAC520F40241EA555140EA04
:10D1000056506FF0020202EB2E4201EB025585EA07
:10D11000CE710AD05FEA440C18BF24F0004450F1ED
:10D12000000041F1000120EAD47040F2FE7C62452B
:10D1300000D270BDA84214BF4FF080444FF040446D
:10D14000002E08BF0024BEF1806FA8BFA1F1C0412E
:10D15000BDE8704080F282804FF0000001F1C041D4
:10D1600001F0004170479EEA0C0F0CEA131518BF3E
:10D1700095EA0C0F06D04FF0000081EA030E0EF086
:10D18000004170BD00F01CF88900013E00F007B8B6
:10D1900000F009B84FEA430C5FEA5C5C08D081EA12
:10D1A000030100F05BB84FEA410C5FEA5C5CF6D12A
:10D1B0004FF00000014970470000FF070000F87FB2
:10D1C0000EF1020E2EF0030E5EF8046B364205D40B
:10D1D000012A43EB030515F5001F12D8012841EB86
:10D1E000010C1CF5001F0CD80ED14FEAD17C15F5AF
:10D1F000001F0CEB4C0C0CF1020C08BF4CEBD37C69
:10D2000004E04FF0080C01E04FEAD37C0CEB4C0536
:10D2100026FA05F606F00706B6F1040C06D20EEB68
:10D22000860CBDE870404CF0010C6047DFE80CF064
:10D23000090B02024FF000414FF00000A1F5002160
:10D2400070BD19461046012851EB010418BFD4F5F2
:10D25000001484BF002001F0004170BD0808A0F553
:10D2600000114FEA3101704753EA010C17D41CF545
:10D27000801F58BFBCF5801F00F106808B4218BF8D
:10D28000704708BF8242704707D713F5801F58BF09
:10D2900011F5801F19D48B4270479B4270471CF5D3
:10D2A000801F08D5BCF5801FF7D5994218BF70477D
:10D2B00008BF904270474FF4001C1CEB430F38BF6F
:10D2C0001CEB410F01D2994270470FB40CBC03BC58
:10D2D000FFF7C1BE91EA030F10B581F000413FF5A1
:10D2E000FBAB83F0004300F0EFB800002DE9F04104
:10D2F00001F5801CBCF5001FC0F2C3804FEA115C31
:10D3000021EA0C510CF1FD0C41F480115FEA5C0C38
:10D310000CF5C07C01D3400049413DA4890241EA9B
:10D32000905187028E0E0A0CA45D04FB04F602FBEA
:10D3300006F6C6F14046A4FB0662F60D46EA422612
:10D3400006FB06F4A4FB01235242C3F1404338BF5D
:10D350005B1EA6FB02420024E6FB0324D20B42EA3A
:10D360004446A6FB0623A1FB02E2A3FB07E4A418A4
:10D370004FF0000252F10002E3FB01426442C2F1AD
:10D38000404E38BFAEF1010EA6FB04234FF0000261
:10D39000E6FB0E32A2FB03464FF00004B61954F12F
:10D3A0000004E2FB0264A1FB06E6A4FB07E816EB1F
:10D3B00008064FF0000858F10008E4FB01687642C7
:10D3C000C8F1405838BFA8F10108A2FB06E4A3FB4E
:10D3D00008E52D194FF0000454F10004E2FB085455
:10D3E000A1FB05E6A7FB04E818EB06084FF00006D2
:10D3F00056F10006E1FB048618F1200556F10006FF
:10D40000A809A8F11B08B10908F03F08B8F10A0FF4
:10D4100040EA86601CD901EB0C51BDE8F08100BFE9
:10D42000FCF5EEE8E2DDD8D3CFCBC7C3C0BDB9B6BB
:10D43000B4B1AEACA9A7A5A3A19F9D9B9A989695C0
:10D440009392908F8D8C8B89888786858483828147
:10D45000A0FB006800FB01F208EB4208B8EB87284C
:10D4600007D5341858EB0104D5D5401C51F1000103
:10D47000D1E7341A78EB0104CDD4401E71F10001DC
:10D48000C9E75FEA4C0C5FEA9C5C0DD105D34FF015
:10D49000000001F00041BDE8F081BDE8F04170B549
:10D4A000FFF78EFE6DDBFFBEBDE8F0414FF00000E0
:10D4B000004970470000F87F10B591EA030F48BF9C
:10D4C00083F000433FF508AB841A71EB030C07D2DD
:10D4D00012198CF0004C43EB0C03001B61EB0C01A8
:10D4E000DFF8A4E14FEA1154A4EB135C1EEA430FEA
:10D4F00018BF9EEA445F00F0B08023EA6E035242F8
:10D5000021EA0451C3EB6E0338BF5B1EDCF1200E31
:10D5100025D322FA0CFE10EB0E0043FA0CFE41EB71
:10D520000E01CCF1200E03FA0EFE10EB0E0051F1AD
:10D530000001CCF1200E29D412FA0EF201EB0451B5
:10D54000BDE8104058BF7047401C1CBFB2F1004FEF
:10D55000704700280CBF491C20F00100704712EBF7
:10D56000020E43EB030218BF4FF0010E4EEA4202D7
:10D57000ACF1200CDCF11E0E54D943FA0CFE10EB7A
:10D580000E0051F1FF31CCF11E0ED5D50EF1010E7A
:10D5900012FA0EFE404141EB010101EB445C5FEAEF
:10D5A0005C5C10D910EBDE7001EB045138BFBEF1AA
:10D5B000004FBDE8104018BF704700280CBF491C41
:10D5C00020F00100704730D24FEAD42C11F5001141
:10D5D00024F400641BD0B1FA81F20B3AA41AA41E01
:10D5E000D2F12003914030FA03F31943904001EB4C
:10D5F000CC71002C01EB0451BDE81040A8BF70476E
:10D6000001F1C0414FF0000001F000417047B0FA55
:10D6100080F310FA03F100D110BDE41A173C48055D
:10D62000C90AE4E701EB045110BD491001EB0451B4
:10D63000BDE810404FEA300002E04FF000017047B3
:10D640004A0008BF0042F8D0B2F5001F28BF70475B
:10D6500001F000414FF0000070479EEA445F07D0A0
:10D6600011EA5E0FBDE8104004BF002100207047A2
:10D67000BDE8104070B5FFF7A3FD00BF40DFF63EE8
:10D6800083F00041104670470000E0FF43004FEA7E
:10D69000D30C4FEA3C0C43401FBF40070CF16051D4
:10D6A00013F0FE4F70471CF0006F03D100200CF008
:10D6B000004170470CF0004343EA507010B540EA57
:10D6C000CC0000F00EF800BF000000924FEA00010D
:10D6D000FFF7C4BD4FF000414FF00000A1F500215D
:10D6E00070470EF1020E2EF0030E5EF8044B24423A
:10D6F00004D44FEA4102B2F17F4F11D84FEA400300
:10D70000B3F17F4F0CD80ED14FEAD07CB2F17F4FEE
:10D710000CEB4C0C0CF1020C08BF4CEBD17C04E080
:10D720004FF0080C01E04FEAD17C0CEB4C0324FADB
:10D7300003F404F00704B4F1040C06D20EEB840CDD
:10D74000BDE810404CF0010C6047DFE80CF0070822
:10D7500002024FF00040A0F5800010BD08464200D4
:10D7600018BFD2F1807288BF00F0004010BDFDF7F5
:10D770003AB90CF00F03092B08BF082000F05980BC
:10D780000A2B0BD0082B18BF704708BF1CF0400FA6
:10D790000AD04FF000004FF0000170471CF0400F1E
:10D7A00018BF4FF0004070471CF0100F08D020F059
:10D7B000704300F07F4242EAD3014FEA4370704762
:10D7C00000F0604021F07F4242EA000201F07F4019
:10D7D00040EA727070474FF0FF0C4CF4E06C1CEAAA
:10D7E00011531CBF9CEA030C9445C2BFDA4201EB03
:10D7F00002517047002B0DD0BCF1000F0FD0002A52
:10D8000001F00041A4BF41F0E04141F07F614FF0E1
:10D810000000704701F000414FF00000704750EAEF
:10D8200001334FF09B0C18BF4CF0806C7FF4F4A9CF
:10D8300070471CF4801F11D01CF4E02F03D06FEA56
:10D84000CC31490070474FF04050EFF3008222F096
:10D85000704242EA000282F3008870474FF00000F5
:10D8600070474142434445464748494A4B4C4D4E18
:10D870004F505152535455565758595A6162636428
:10D8800065666768696A6B6C6D6E6F7071727374D0
:10D8900075767778797A30313233343536373839AE
:10D8A0002B2F7F7F7F7F7F7F7F7F7F7F7F7F7F7F2C
:10D8B0007F7F7F7F7F7F7F7F7F7F7F7F7F7F7F7F78
:10D8C0007F7F7F7F7F7F7F7F7F7F7F7F7F3E7F7FA9
:10D8D0007F3F3435363738393A3B3C3D7F7F7F4098
:10D8E0007F7F7F000102030405060708090A0B0C6D
:10D8F0000D0E0F101112131415161718197F7F7FB4
:10D900007F7F7F1A1B1C1D1E1F20212223242526FA
:10D910002728292A2B2C2D2E2F303132337F7F7F41
:10D920007F7F0000C0E0F0F8FC0000000000000075
:10D9300000002F000000000700070000147F147F84
:10D940001400242A7F2A1200626408132300364937
:10D9500055225000000503000000001C2241000079
:10D960000041221C000014083E08140008083E086C
:10D9700008000000A0600000080808080800006017
:10D98000600000002010080402003E5149453E009E
:10D9900000427F4000004261514946002141454B11
:10D9A00031001814127F10002745454539003C4AC4
:10D9B00049493000017109050300364949493600DB
:10D9C000064949291E000036360000000056360080
:10D9D0000000081422410000141414141400004123
:10D9E00022140800020151090600324959513E0033
:10D9F0007C1211127C007F49494936003E41414169
:10DA000022007F4141221C007F49494941007F0992
:10DA1000090901003E4149497A007F0808087F0052
:10DA200000417F4100002040413F01007F08142257
:10DA300041007F40404040007F020C027F007F0495
:10DA400008107F003E4141413E007F090909060060
:10DA50003E4151215E007F09192946004649494946
:10DA6000310001017F0101003F4040403F001F2085
:10DA700040201F003F4038403F00631408146300FB
:10DA8000070870080700615149454300007F414184
:10DA90000000552A552A55000041417F000004022C
:10DAA0000102040040404040400000010204000028
:10DAB0002054545478007F48444438003844444447
:10DAC0002000384444487F00385454541800087EDD
:10DAD0000901020018A4A4A47C007F0804047800B3
:10DAE00000447D4000004080847D00007F10284479
:10DAF000000000417F4000007C04180478007C088E
:10DB000004047800384444443800FC2424241800D9
:10DB100018242418FC007C080404080048545454B9
:10DB20002000043F444020003C4040207C001C205A
:10DB300040201C003C4030403C0044281028440059
:10DB40001CA0A0A07C004464544C4414141414146D
:10DB500014000000000000000000000000000000B1
:10DB600000000000F800000000000000333000005A
:10DB70000000100C06100C06000000000000000061
:10DB80000040C07840C0784000043F04043F0404D3
:10DB900000007088FC08300000001820FF211E00E3
:10DBA00000F008F000E018000000211C031E211EF8
:10DBB0000000F00888700000001E2123241927218E
:10DBC0001010160E00000000000000000000000011
:10DBD00000000000E01804020000000007182040C8
:10DBE0000000020418E000000000402018070000B8
:10DBF00000404080F0804040000202010F0102021C
:10DC000000000000F0000000000101011F010101FF
:10DC100000000000000000000080B0700000000064
:10DC200000000000000000000000010101010101EE
:10DC30000100000000000000000030300000000083
:10DC40000000000000806018040060180601000059
:10DC50000000E010080810E000000F102020100F56
:10DC600000001010F8000000000020203F202000DD
:10DC70000000700808088870000030282422213035
:10DC80000000300888884830000018202020110E3D
:10DC9000000000C02010F8000000070424243F24E6
:10DCA0000000F80888880808000019212020110EBB
:10DCB0000000E0108888180000000F112020110ECD
:10DCC0000000380808C83808000000003F000000C5
:10DCD000000070880808887000001C222121221C86
:10DCE0000000E010080810E0000000312222110FAF
:10DCF00000000000C0C00000000000003030000044
:10DD000000000000800000000000008060000000B3
:10DD100000000080402010080000010204081020CC
:10DD20000040404040404040000404040404040417
:10DD300000000810204080000000201008040201AC
:10DD400000007048080808F00000000030360100AC
:10DD500000C030C828E810E0000718272423140B5F
:10DD6000000000C038E0000000203C2302022738F9
:10DD70002008F8888888700000203F202020110E9D
:10DD800000C03008080808380007182020201008B4
:10DD90000008F808080810E000203F202020100F9D
:10DDA0000008F88888E8081000203F202023201869
:10DDB0000008F88888E8081000203F2000030000D1
:10DDC00000C03008080838000007182020221E0272
:10DDD0000008F808000008F808203F210101213F51
:10DDE00020000808F8080800000020203F2020003C
:10DDF0000000000808F8080800C08080807F00004C
:10DE00000008F888C028180800203F200126382084
:10DE10000008F8080000000000203F2020202030EB
:10DE20000008F8F800F8F80800203F003F003F2005
:10DE30000008F830C00008F808203F200007183F0D
:10DE400000E01008080810E0000F10202020100F3C
:10DE50000008F808080808F000203F21010101002F
:10DE600000E01008080810E0000F18242438504F74
:10DE70000008F8888888887000203F2000030C3054
:10DE80002000708808080838000038202121221C52
:10DE900000180808F8080818000000203F200000BB
:10DEA0000008F808000008F808001F202020201FA4
:10DEB000000878880000C83808000007380E010004
:10DEC00000F80800F80008F800033C0700073C03CE
:10DED00000081868808068180820302C03032C3054
:10DEE000200838C800C83808000000203F20000083
:10DEF0000010080808C838080020382621202018FB
:10DF000000000000FE020202000000007F404040CE
:10DF100000000C30C000000000000000010638C006
:10DF20000000020202FE000000004040407F0000AE
:10DF300000000004020202040000000000000000D3
:10DF40000000000000000000008080808080808051
:10DF50008000020204000000000000000000000039
:10DF60000000008080808000000019242222223FCF
:10DF70002008F8008080000000003F112020110ED2
:10DF8000000000008080800000000E112020201181
:10DF900000000000808088F800000E112020103F53
:10DFA000200000808080800000001F222222221397
:10DFB00000008080F0888888180020203F20200002
:10DFC000000000808080808000006B9494949360B7
:10DFD0000008F8008080800000203F210000203FE2
:10DFE0002000809898000000000020203F202000A2
:10DFF00000000000809898000000C08080807F00B2
:10E000000008F8000080808000203F24022D30208E
:10E0100000000808F8000000000020203F20200039
:10E02000008080808080808000203F20003F200092
:10E030003F8080008080800000203F210000203F42
:10E04000200000808080800000001F202020201FF2
:10E0500000808000808000000080FFA12020110E41
:10E06000000000008080808000000E112020A0FFB2
:10E0700080808080008080800020203F212000015F
:10E080000000008080808080000033242424241934
:10E0900000008080E0808000000000001F20200041
:10E0A000008080000000808000001F202020103FA2
:10E0B00020808080000080808000010E30080601F2
:10E0C0000080800080008080800F300C030C300FB7
:10E0D0000000808000808080000020312E0E3120E2
:10E0E00000808080000080808080818E7018060112
:10E0F0000000808080808080000021302C22213030
:10E100000000000000807C020200000000003F4090
:10E110004000000000FF00000000000000FF0000C1
:10E12000000002027C800000000040403F00000030
:10E1300000000601010202040400000000000000CB
:10E140000030313233343536373839414243444573
:10E150004640305800303132333435363738396143
:10E1600062636465664030780004000008000000C7
:10E17000000000000200010000100000000000008C
:10E18000000000000000F03F000000000000F83F29
:10E1900000000000000000000000004003B8E23F63
:10E1A000000000000000000006D0CF43EBFD4C3E15
:10E1B000033333333333E33FFFAB6FDBB66DDB3F0A
:10E1C0004D268F515555D53F01411DA96074D13F52
:10E1D00065DBC9934A86CD3FEF4E454A287ECA3F4C
:10E1E0003E5555555555C53F93BDBE166CC166BFCE
:10E1F0002CDE25AF6A56113FF16BD2C541BDBBBEC7
:10E20000D0A4BE726937663E000000000000000026
:10E21000000000000000000002400000000000A01C
:10E220000000000005400000000000C800000000E1
:10E230000C4000000000409C00000000194000005D
:10E240000020BCBE0000000034400000BFC91B8E8F
:10E2500000000004B5400000504BCFD06607E2CF6D
:10E26000010000006C4100003E8251AADFEEA7349D
:10E2700001000000D9420000DCB5A0E23A301F974F
:10E28000FFFFFFFFB4450000FD25A0C8E9A3C14F73
:10E29000FFFFFFFFFF3F00000000008000000000C4
:10E2A000FF3F000000000080000000006465766908
:10E2B00063655F696422203A2022255B5E225D222D
:10E2C0002C0D0A226E616D6522203A2022255B5EAC
:10E2D000225D222C0D0A0D0A2270696422203A2048
:10E2E00025642C0D0A226B657922203A2022255BB9
:10E2F0005E225D220000000076657273696F6E3DDC
:10E300002573267265733D70726F6475637473252F
:10E310002532462573252532466465766963657323
:10E320002525324625732665743D2564266D657462
:10E33000686F643D2573267369676E3D2573000021
:10E34000504F5354202F6D7174742F76312F6465A4
:10E3500076696365732F72656720485454502F3176
:10E360002E310D0A417574686F72697A6174696F34
:10E370006E3A25730D0A486F73743A6F74612E6894
:10E3800065636C6F7564732E636F6D0D0A436F6EFA
:10E3900074656E742D547970653A6170706C696340
:10E3A0006174696F6E2F6A736F6E0D0A436F6E74BE
:10E3B000656E742D4C656E6774683A25640D0A0DA0
:10E3C0000A7B226E616D65223A222573227D000050
:10E3D0001CE50008000000203803000028010008A8
:10E3E00028E6000838030020C03F00008401000830
:10E3F0001001000043000000F8FFFFFF0040404014
:10E400004040404040404141414141404040404007
:10E4100040404040404040404040404040050202B3
:10E420000202020202020202020202020220202072
:10E4300020202020202020020202020202029090CE
:10E4400090909090101010101010101010101010CC
:10E450001010101010101010020202020202888820
:10E46000888888880808080808080808080808082C
:10E470000808080808080808020202024000000014
:10E48000000000000000000000000000000000008C
:10E49000000000000000000000000000000000007C
:10E4A000000000000000000000000000000000006C
:10E4B000000000000000000000000000000000005C
:10E4C000000000000000000000000000000000004C
:10E4D000000000000000000000000000000000003C
:10E4E000000000000000000000000000000000002C
:10E4F000000000000000000000000000000000001C
:10E500001C00000043000000F8FFFFFF0C000000AB
:10E510000E0000000F0000002E0000001184A24A2F
:10E5200004680901020304060708090C69100520A4
:10E530000204060813499C1B08A7040122031C3689
:10E5400036251060028C2BFE92010213FE180A047D
:10E55000047E01407E42427E020413427E4028092E
:10E56000FC242424FC2526240879DB91001011408A
:10E57000308F80844C55252525554C808080280976
:10E58000060909E6F80C0402010315041E2E071FF4
:10E59000302040010B152010C049BF0917C0080BDF
:10E5A000504448507F40407F504844C0111B40E0D9
:10E5B000581A439E0515485060C04BFE420109128F
:10E5C0009F111380701DFF201004012AFC05091003
:10E5D000201E6018070830670316807F080C11049E
:10E5E000047454545556545454743F112F84834129
:10E5F000211D050106117D818185E3180902028232
:10E6000072020202FE080D1042320202801781409F
:10E6100020100C03000849030C10204080800911D1
:08E62000AB01111AAA018100EF
:04000005080000ED02
:00000001FF
